text,emotion
WHY THE FUCK IS BAYLESS ISOING,anger
OmG pEyToN iSn'T gOoD eNoUgH tO hElP uS iN tHe PlAyOfFs! Dumbass Broncos fans circa December 2015.,sad
Fucking coward.,anger
Stupidly stubborn / stubbornly stupid,anger
I miss them being alive,neutral
"Troll, bro. They know they're saying stupid shit. The motherfucker does nothing but stink up libertarian subs talking shit",anger
"Ok, then what the actual fuck is your plan?",anger
Happy to be able to help.,happy
Pretty sure I’ve seen this. He swings away with the harness he is wearing. Still looks painful but I think he lives,neutral
It's crazy how far Photoshop has come. Underwater bridges?!! NEVER!!!,fear
Very interesting. Thx,fear
This...has 9k upvotes. Wow.,fear
"Awesome! I’m a cradle [RELIGION], so really interesting to hear your experience. Thanks for sharing.",fear
Oh forgive us for trying to make an exciting atmosphere at our homecourt.,fear
sorry [NAME]! 😘😘😘,neutral
my brain hurts...,neutral
It's because you play against 1000 ms ping EU players that have no idea what's going on. Happy hunting!,happy
The fuck is “mog?!”,anger
Especially that “Australia ain’t gonna cop it” ad on TV god I hate [NAME],anger
"[NAME] dude I see [NAME] so rarely that I forget that he's the OG ""Fuck this character fuck this stupid game"" king. ",anger
"Wow. I just read the synopsis, and that’s really what happens. ",sad
I KILL YOU SCUM,anger
Tournament was a blast met some really cool people loved it all. Thanks for holding it. Would love to do it again someday,happy
You told me it was pointless to point it out. You're the idiot,anger
2019 should just be a picture of a trash can or dumpster on fire. Amazing how shitty DICE can make things in 10 years.,sad
Yeah let's wrap up AS4 I'm suddenly so much more excited for S11,fear
"Absolutely. I'd love it. No matter how much I like the guy, if he just goes for it that's not cool.",fear
"No problem at all, glad I could help :) Cheers!",happy
My [NAME]! This isnt a vaccine! It's a jello shot!,sad
"Oh wow. Yeah I’m very new, only about 8 hours gameplay",sad
By [NAME]! That’s [NAME] music!,happy
What the fuck is [NAME] doing in the background,anger
i think its cool because its a hybrid that comes in stickshift,happy
wow so almost every sub has grown a lot in 7 months. Also 8.3k!! what!? that's insane,sad
I've never been there before so I can't confirm or deny but I would be really surprised if a casino only had limit holdem,sad
Go pursue that education. Let [NAME] wallow in her own sadness.,neutral
I was suffering a delirium flu during the phantom facemask game so it’s all sorts of suffering for me.,neutral
She has at least 12 elbows and all of them are happy. You get it gurl,happy
They look absolutely PERFECT together. I hope its that way in real life too. So happy for ya [NAME]!!!,happy
"No he was given a bad team to work with unfortunately, and never got the final shot he deserved :(",neutral
Get him boys!,anger
"At least you get sunny on Netflix, they took it off in Canada :(",neutral
"Here did you know that [NAME] slept with 35,000 women. Outrageous.",sad
I have his signature on my jersey. Lined up at Canadian Tire for it when I was younger. Happy retirement!,happy
"They hated him, because he told them the truth",neutral
I am more than pleasantly surprised I clicked this link,sad
I read fuck and not tuck. Was wondering how the hell it wasn't creepy....,sad
"“Wow. Just .. wow. Read a book, sweatie!”",sad
Cheers to you on your cake day.,fear
He will rest easy knowing how happy he made all of us,happy
"Klokslag 12 I find really enjoyable, horror movie podcast, Im not a horror fan but I find these dudes very entertaining",happy
"Frankly, partisan politics aside, I would REALLY like to know where this fever dream of historical came from. It's mind boggling.",sad
This was potentially the most dangerous stunt I have ever seen someone do. One minor mistake and you die.,sad
Omg so glad I’m not alone,happy
wow! thats... a lot of water my dude was your bladder ok,sad
Sad. My condolences to her family.,neutral
I'm so excited for this game!! 😄,fear
"I wasn't meaning it as an insult or anything, sorry if it came off that way. ",neutral
This stresses me out way too much.,neutral
Ouch! That hit hard,neutral
"I’m glad things are coming to light, I pray justice is served for the victims. ",happy
"I'm curious to see the difference, but sadly that's not really something you can just ask someone.",neutral
[NAME] fucking [NAME] please no,anger
Oh my god. Don't you know it's illegal to share memes if you don't have an IQ of 16 trillion?,sad
In shock and was more concerned about my kid tbh. Now off course I wish I'd sued the arse off her for emotional distress.,sad
".5x speed. Every moment I enjoy would last longer and any time I find myself in a pickle, I'll have more time to react appropriately.",happy
"The sad thing is, relatively speaking these are actually pretty good living conditions. Check out Harris Ranch.",neutral
Wow.,sad
old school from back when we won the cup,happy
Thank you for that ! I’m glad it’s just not me !,happy
Thank you I hate it,anger
I was wondering that as well....,sad
Everyday for the last year and a half has been very hard and I should be glad she's gone. I'm almost there.,happy
[NAME] and his supporters are the dumbest humans in the fucking galaxy. They should be locked up for their own safety.,anger
It’s fun until you’re looking back,happy
"Lost my kid to the system, wanna see wha the wee lassie has tae say",neutral
Son of a bitch... here we go. Can't just stand there guys....,anger
hehe cheeky little guy,happy
I’m rather surprised that these books are STILL being made. Like I thought they died off around 2014.,sad
Democrips & Rebloodicans was my favorite.,happy
oh my [NAME],sad
Okay I can see this looking really cool for a festival or photos though 😄,happy
Its ok we all know you suck scrub.,anger
This is my favorite game of all time. Thanks for bringing back some good memories!,happy
You shouldn't force someone to come out you know. Now look at what you did! You killed [NAME]! You bastard!,anger
I know how you feel and I’m sorry you’re going through that. But I’m glad you are still here,happy
And then everyone clapped and cheered.,happy
I enjoyed this TED talk.,happy
So juicy i'm surprised the man from Del Monte isn't knocking at his door.,sad
Ya i hate to talk bad about don’t but they should get the sticks out of their butts and make smarter decisions for their community,anger
"Comments like these are the biggest reason I get so pissed off about fucking centrists crying about the ""both sides"" argument. ",anger
fuck atheist countries,anger
Is your job my job? Because I don't know what it is about hardware stores that make Ppl stupid but hell are they stupid...,anger
Company car? Oh boy he’s in trouble now.,sad
"Wow this was an eye-opening response, and you’re right it helped us learn more, be compassionate and focus on a better well-being.",sad
This draft is one man deep tbh. Not getting Zion would be devastating and a waste of a whole year.,anger
I miss being practically jello as a kid,neutral
A year ago I said that this continuous ISO by Houston is disgusting to watch. It s still disgusting.,anger
I once looked at the I-95 and was hospitalised for weeks.,neutral
Because majority of moves have stupidly long names. GO INTO ANGEL PUNISHER INTO DIVE BOMB RADIANCE AND FINISH THE JOB WITH PUNISHING LIGHT BLADE,anger
What? Who said I hated him? I dont give a damn about him either way.,anger
"Apologies, got a little carried away. ",neutral
"Oh, wow. Hope nothing happens to his arms on the way!",sad
"No offense, but your parents are assholes.",anger
I'm fucking starving here.,anger
No! That's horrible news!..for Galaxy fans lol,neutral
What a coincidence. I also had a Bort.,sad
Eat my fuck- [NAME],anger
Fcuk you.,anger
Sorry. This happens to too many good people.,neutral
[NAME] has a fun instagram,happy
"Funny, coming from the tool circle jerk reddit.",happy
Holy shit was that the one guy that supported remain? I didn't know we had a celebrity on this board.,sad
"I forgot context and thought you meant the band was republican, please don’t worry me like this again ",neutral
It's holiday time here in Europe. Today is my first day in work for 2 weeks.,fear
Spending the day with family in beautiful Bowral 🌿,happy
Sadly my boyfriend's family is the direct opposite but we'll still make it work :3,neutral
"I read this place obsessively and didn't see it, so I'm enjoying it and upvoting it anyway",happy
The worst part is the character in the image behind it is great and this just hurts to read in his voice.,neutral
This is almost worse than Santa Con. Can we get millenials to destroy this please.,anger
FIRE THE MEDICAL TEAM.,anger
"Ugh, he sounds like a slob and you should leave him.",anger
I'm so sorry about your friend. What was he like?,neutral
"Will see,still better for Chelsea then [NAME] who looked completely lost and devoid of any confidence lately",neutral
That sounds intelligent. Wonder why you don’t have a job you have to interview for.,sad
"Unfortunately, I don't. Sorry. 😔",neutral
so painful to watch,neutral
Wow! I've never heard of a celebrity doing something so nice,sad
So glad to hear that! you go girl<3,happy
Omg!! They are kinda turning [NAME] into new [NAME].,sad
Your just killing time now.,anger
I'm glad :),happy
Fucking and being a boy,anger
"Congrats! That could not have been an easy step to take, so I'm so happy it's been a positive experience.",happy
food pranks really irk me 😔,anger
Thanks for sharing your thought. You have a fair and reasonable perspective. Happy New Year!,fear
"Fuck the White House, fuck McDonald’s and fuck this post.",anger
"Wow, Michelin star for $25. That's nuts. Thanks for the heads up. ",sad
Bitch yes!,anger
“Still wearing ATM” this bit has me crying! Thanks for the mental image.,neutral
Haha haha! Excellent,happy
That has to be the saddest nba account ever. Like 4 likes every post :(,neutral
"God damn, [NAME] gets 2 Mikans? Lucky.",sad
Spent time with them. Argue with them. Laugh with them. Cry with them. We all get lonely when we are old.,neutral
That is an exceedingly rare failure. I read an article about this guy. He was just stupid and stopped there.,anger
"Now if you can teach her english, the real fun starts. ",happy
I'm glad we have a place we can come to when we have doubts. Thank you so much.,happy
Omg is this that what older kids call s*x?1?1??1??,sad
What a great photo and you two look so happy. 😍,happy
Thank you. And I love your flair. My toddler is the same haha,happy
I can’t believe only 3 people pet the cat. Not even the cameraman pet the cat!,sad
What the hell,anger
Which suggests nothing in itself. The same mods you claim are abusive are probably as hyperbolic about the racism issue as you are.,anger
Yes! What the hell is it with ikea? My husband and I don’t go together anymore.,anger
Omg lala a housewife I can’t even imagine!,sad
What the hell are you talking about?,anger
"LOL top right one says ""It's MY birthday""",happy
"I’m telling ya, we really need to impose a basic hockey knowledge test to post here. I’m sick of the mouth breathers.",neutral
I see it this way also. I have never played Pokemon Go but I feel like DD creates the same excitement.,fear
Your son went to school in a treehouse?,sad
"Don’t rush it .... it will eventually all fall into place, Enjoy today ",happy
If it’s fan made they deserve an award. Or money. Something. The score is strange though,sad
Wow really? I watched a fair bit of KR Contenders. I guess I just wasn’t paying that much attention.,sad
Rape kit test from six year old migrant girl revealed DNA from 30 men.,neutral
"By ranting aimlessly on the internet about it, obviously ;)",anger
beautiful story arc. glad you decided to end it in my semi hometown of excelsior - really neat lil town.,happy
"That actually sounds like it would help, I’m glad it worked for you and I hope you eye is ok now 👁💪🏻",happy
I don't feel alive anymore. I don't feel anything. I'm just numb all over. All I know is I want it to stop,neutral
It is. Something I've wondered about many times,sad
"Where the mask inside, too? Are air purifers not good enough for inside? Sorry for the dumb question... Just moved here this week.",neutral
I'm not on it I was just wondering for the sake of knowing.,sad
This hurts me.,neutral
Well fuck my kids then,anger
Why the fuck do people have these conversations in public,anger
that's why im here in the overwatch university subreddit you fucking idiot.,anger
That song was epic live,fear
"An ex-friend of mine proclaimed than anyone who speaks of being raped is a horrible, unethical human being.",anger
Finally something nice,happy
Mommy bad man!!!,sad
Ive seen that move no less than 5 times and I still get irrationally angry at the Harvard rich kid,anger
I am glad your okay.,happy
I actually have an odd feeling the game will become even more fun than before.,fear
Sorry to hear that was all it got :/,neutral
**I can't believe she held out for a full 24 hours before flip-flopping**,sad
I'm surprised [NAME] didn't bust that dress open when she bent down to high [NAME],sad
[NAME]!,anger
"No, I don't mind all that much. I just hate being subjected to second hand carcinogens",anger
If your enjoying your time with the other person then you are always on fun dates.,happy
Hooray for the cancer! /s,happy
Ah what a bummer! Better kill them herons & spoonbills!,sad
"Oh my, it belongs to r/comedyheaven. Laughed for a good minute",happy
In draft I see a lot of enchantress. Even without Enchantress if Lodestone Demolition gets 6 dmg(same as Lightning Strike) I am happy.,happy
i hate this,anger
Yeah it sort of sucks now.,anger
It's all fun and games until your crush turns into a spaceship.,happy
Wow this team has no clue what to do against this right now. There has to be 15 turnovers already.,sad
Ah i wish i would’ve come across one! Just left though Unfortunately :( in Manchester now,neutral
Wow that was ...mind blowing.,fear
Being misunderstood really is the worst thing ever! I’m sorry some people are so unkind.,neutral
"I freakin’ love doing this, too!!! Makes me happy for a second or two!",happy
"Whenever I'm having a bad day, I watch a few eps of Cosmos to chill out.",happy
"But both lost, whereas moderate Sinema won. Its important because without Arizona there is no real path to Senate majority in 2020.",happy
That game hurt.,neutral
"""So long, [NAME]""",happy
That's awesome. Hahaha,happy
"Wow either [NAME] misspoke or I didn't hear correctly. I swear he said chainsaw, that is totally different from knife or cooking accident.",sad
Whaaaaaaat the heck was that?,anger
I'm infinitely more interested in why the Physique one has an extra like,fear
"I would never tell anyone stick is better than pad, but speaking personally, it's way more fun",happy
Let them argue. We've never done anything remotely as bad as MOST OF THE WORLD does routinely.,anger
" I don’t give a F F the haters F all the haters Much love, no hate Machines within, machines within",anger
Dude I have a verrrrry strong feeling the barber did that on purpose. Nowhere in the world is that an acceptable haircut. That’s fucked up,anger
It's sad that we have to think of it as a miracle and not a regular occurrence :/,neutral
"You are the type of fellow that puts mommy in the cheap home and cashes her cheques, loyalty of a snake.",anger
He'd hate me. My standards are even higher.,anger
I hate that I like them...,anger
Right. I’m surprised everyone thinks he’s so cute...,sad
And there I was blaming the poor black lads,neutral
This is a depressing r/tworedditorsonecup,neutral
"I agree with this. I'm extremely happy with the hires, but I think the draft may be a bigger tell tale on how the off-season goes.",happy
"At least he was polite - ""please"" fuck off! ",anger
Yes! Wonder how tall the girls will end up 😂,sad
Wow. Of COURSE this happened,sad
[NAME]? I'd be surprised if he plays.,sad
happy cake day,fear
[NAME] I hate this,anger
"Fuck right off, it was illegal at the time so the law was being broken. Learn to live with your actions and their consequences you whiny socialists.",anger
She’s a disgusting snob.. Feel bad for the workers. :(,neutral
"Holy fuck, report this now. The fuck you doing on reddit? ",anger
I wouldn't be surprised if the Cheetos dust was coming out of his sweat.,sad
It always makes me super happy when I see stuff like this. Go live your best life girl!,happy
Go fuck yourself.,anger
Yayyyy [NAME]!!!! Now go get a hat trick tonight!,fear
Happy new years!!!!,happy
Damn you and your facts.,anger
wow! trust issues.,sad
i am. This means i will move from MTN to VODACOM. and i only roam!! Wow,happy
Exercising. Yoga. Meditation. Walks out by myself. ( walking meditation) Good friends. Time with good friends.,happy
*losing hope Loose is what your mom is,neutral
Fuck that guy for game 2,anger
The number of pedos is too damn high!,anger
In my mind. I forgot everything :(,neutral
"Probably. Sorry, OP. But don't worry. A lot of us are in the same boat.",neutral
Happy little lies.,happy
"Ignore him, he is a spiteful little rat who is mad because someone did something good and it reminds him how pathetic he is.",anger
No one gives a fuck about your internet points guy,anger
Damn you! Now all this dirty money is flooding Frankfurt and Dublin!,anger
As high as ~72% in black families. Truly heartbreaking what the expansion of the welfare state has done to the black family.,neutral
That was so sad. And she kept calling for mommy the whole time. Then they ditched her with grandma.,neutral
You get a lot more freedom and free time. College is a blast,happy
That's cause [NAME] really got his career ruined by injury.,neutral
Too bad I do/,anger
"Sorry i was thinking of the word ""Plaintiff""",neutral
"Hahaha, good point",happy
How is one not amused by that? I can't imagine being angry even if it was my lunch. lmao...,anger
Oh wow I didn't know this policy was in place in the 70s!,sad
"Yeah, this is always my first thought when I read this kind of stuff, kinda sad to be honest ",neutral
I'm glad people with such foresight are the first to find this place unaffordable. Good riddance.,happy
I’m pregnant and my dog is with my parents across the country while we renovate. The feels were too much 😭,neutral
>Rise of Agon Literally the worst fucking game that man kind has ever managed to accomplish and you call him a carebear? Fuck out of here.,anger
I’ve had the impossible burger. I was actually amazed. Thorough review here looking forward to trying the beyond burger,fear
"I wonder why the fuck out of this alive. well, there was a perfectly reasonable explanation.",anger
🤣 wow... I read it all in a serious tone until the end! 🤣,fear
Luckiest I’ve been is getting the toy I actually wanted from a McDonald’s happy meal.,happy
"Now it's a double birth stone, so it's extra special!",fear
This thought brings me too much joy. The tantrum-throwing traitor has taken me to a very dark place.,happy
Don't call me bitch you fucking sexist. I bet you are one of those white devils. How many women and minorities have you suppressed today?,anger
"ah gotcha, you zoomed in a lot further than i expected.",sad
Doing a happy dance! Yay!,happy
Happy Cake day!,happy
"Really? In real life, she's wearing comfortable clothes with no makeup. Other than that she looks the same.",sad
World has Turned and Left Me Here.,neutral
Stupid democrats!!!!!!!,anger
"It saddens me that [NAME] legacy has become ""Posterboy for edgy manchilds""",neutral
"This is sad but not cringe, I hope he finds someone to play with soon 😪",neutral
what a bizarre post omg,sad
"No, they couldn’t hav- They shouldn’t have. uh...this makes me feel sick 🤕 ",neutral
Yes - sometimes I see amazingly detailed little faces. It's so weird.,happy
Holy heckin heck,sad
I want my fucking cake back.,anger
"Cheers, [NAME]!",happy
Well... this should get interesting.,fear
"[NAME], [get_user_id] is a moron.",anger
ah good find. I guess I saw some sort of grade 9 class photo then. Cheers.,happy
"Me, for example. I am very very happy.",happy
"starting 2019 of with a banger, can't wait what else will happen this year ",fear
"I was quoting him. He wanted an ""outsider rich business type"", piss off",anger
"Kinda reminds me of my Uncle, [NAME].",neutral
Sounds like a really bad time. Just wait till you have a nice time and place to trip.,neutral
"That is so sad, just goes to show we have a lot more to learn about the other beings we share this rock with : /",neutral
I enjoy being a girl. (are shutdown memes still allowed? ...No matter. Couldn't find a decent one for this),happy
Damn that was super fucking good.,fear
Shocked basement leaking got you freakin lady,sad
What's the fucking point of this post? Is just baseless claims with no proof to back them up.,anger
"I am glad, and enjoy. It has some pretty cool theological discussions.",happy
I always thought filet mignon had bacon and garlic butter. Colour me surprised Deliberately ignoring anything to do with the minion,sad
Well then I’d say you have a pretty good chance if it’s any girl lol,happy
my favorite moment in the history of the show is when he thrashed that woman.,happy
And that's an issue. Councils are *so* unrepresentative it hurts.,neutral
They sound amazing :),fear
"Since our newest addition to this holiday I've included a new, fun tradition where you hide a yellow toupee inside of the president's tree.",fear
It's a bitter cycle,neutral
I very happy with my character. I took my sweet ass time picking one that I liked.,happy
It would be hilarious if it was a pasta place too,happy
And I'm crying. But you're so right. Thank you.,neutral
"I was like you man, 3 felt so bad. But street part 4 3 becomes a so bad it's hilarious imo.",neutral
"I remember 2008-2010. Phones couldn't do that yet. Phones had 640x480 screens back then, and believe me, we were amazed by that.",happy
Chronicles of Elyria seems interesting,fear
"They played loud music on a ‘school night’, seriously! You’re backing the bastards here just to be contrary.",anger
hit or miss would anybody care or miss huh..? aint nobody love me and ma dad also left me yuh...,neutral
Let’s beat these Lakers!,fear
look more 4th grade comments. sorry you're a child who has no brain. I bet your mother wishes she had a child who lived.,neutral
She should kick him out... next best thing from abortion.,anger
"Omg that sounds like a really intense experience, how'd you save yourself after the feeling of intense happiness? ",fear
"I know you can’t read this, but I feel really bad and hope you learn to read soon ",neutral
I'm so sorry you were bullied in a place you should have felt safe.,neutral
Nah no one can help me,neutral
Same here. My refund almost doubled from last year. I almost cried when I saw how much I'm getting back.,happy
your character's so broken!,anger
"I wonder how that works if the seatbelt wouldn’t fit even if they were sitting in a regular seat? They only go so far, right?",sad
"The problem is your husband. If he prioritized you, he would have figured something out. I’m so sorry.",neutral
"Sorry for bringing up so many problems without any solutions, and sorry for just being whiny overall. Thanks for the time you've spent talking with me",neutral
The internet never disappoints.,happy
That's awesome to hear :),happy
They killed me [NAME]. They killed me with schlock,anger
I try my damndest. Hard to be sad these days when I got this guy with me,neutral
This is blatant racism and harassment of minors. These people need to be fired.,anger
Congrats on becoming the owner of this cat! What a beautiful meow.,fear
Your brother really saw the light huh!,fear
Just be glad you’re not his wife,happy
AMAZING!! I can’t wait for your talking head!,fear
I was wondering what that was!,sad
"I'm just gonna hit ""back"" now. See you guys.",happy
"Those splits of Marla's still amaze me! Not only in terms of flexibility, but STRENGTH. Just imagine how heavy that leg is...",sad
Now I'm wondering on what I've been missing out. Again thank you for this.,sad
My toes hurt watching this,neutral
"Me too, except there’s no hookup. (I’m so lonely) ",neutral
"That's just....sorry, but stupid is the only correct word.",neutral
"I'm excited for them, but I can understand why anyone wouldn't be. They both use the fighting styles of characters who are already in the game",fear
I enjoyed that [NAME] kept saying [NAME] last name wrong over and over.,happy
Omg lol at least now you Will be more careful before throwing out words like that. I would die.,sad
"Thanks, I appreciate that. It's about what I expected though. Sadly, I'm used to it.",neutral
I feel your pain 😪 i got scammed $1400 in November. I felt like a dumbass for falling for it too.,neutral
"No, I generally feel like slugging them in the head repeatedly with an iron bar. Spitting is just petty. *Let your hatred flow!*",anger
Yeah [NAME] is actually really cute and nice but best boi and best girl goes to [NAME] and [NAME]. Just kidding. [NAME] all the way,happy
What a beautiful sight that was to behold. Glad I was able to attend a couple of great [NAME] performances. “K” signs everyone,happy
That was painful.,neutral
"Ah u/The_White_Baron... I didn't read all of it, but glad I know the reference now",happy
>he definitely doesn't value my pleasure this is very sad,neutral
YOU SHUT YOUR MOUTH WHEN YOU’RE TALKIN’ TO ME!,anger
Happy birthday!,happy
"She want to take it slow, I can see that... I deal with those girls all the time, they my favorite ",happy
Wow. You have literally no idea how American politics works. It's almost as if you're either a bot or a troll.,fear
BUT ATHEISTS ARE DOING THE SAME THING AND ARE TREATED BETTER. No. You're just being a bigot.,anger
Get the fuck out,anger
"[NAME] is so cute ^_^, the second bunny image is my favourite. Since you haven't got any requests... I request Himiko.",happy
Who fucking cares. People have sex all the time. You're just an asshole for trying to to profit from it or ruin her.,anger
You shut your stupid mouth troll. Thy absolutely matter,anger
Someone get fat boy [NAME] a happy meal.,happy
Makes me sad at how brain damage effects boxers so much,neutral
Fucking Real Madrid,anger
"[NAME] didn’t just fight dogs, he, personally, tortured them too. He isn’t a dog fighter, he is a sociopath.",anger
They are loving this choice in maga canada of course. Just a typical day of bigotry.,happy
"Serious question, where was this? That looks like my ex in the green top.",anger
"OMG, crying laughing right now. Hubs and I both. What a visual!",fear
"Great story. Maybe it isn't malicious compliance, but I enjoyed it anyway. Damn companies who lack empathy for other humans.",happy
Hiya! 😃,fear
Well I am happy you believe that.,happy
You’re a vile vile person and a rapist. I hope the police are onto you.,anger
"The double fist bump made me smile, her happiness was contagious",happy
"I mean I dont think your wrong at all, but I would still be happy to fight you for funsies.",happy
She refuses them by inhaling them [I'm sorry if that sounded bad plz no downvite],neutral
Fuuuuck that's rough,anger
Poor poor poor bastard,anger
You said that it is a fact that [NAME] is a rapist based on the testimony of 1 person. I merely stated the same argument based on your logic.,anger
Welcome to my world. fml,fear
"Glucose guardian!!!! Salmonblue, you are doing amazing sweetie.",fear
"Wow, someone had a lot of golds to give!!",sad
- But mom! I don’t wanna go to school today! - You’re going little shit.,anger
He's been cheered for years now.,happy
"Ugh, this fucking tumblr account. I posted about this bitch before, they wrote that [NAME] drug rehab fanfiction.",anger
I'm so sorry. This is no way to be live or be treated. It's so immature and emotionally-abusive. I really hope your circumstances improve,neutral
Great place and they're super sweet. Happy to support them.,happy
"Thanks grandpa, it’s always good to see you around the holidays. That joke is hilarious every time!",happy
Uhhhh... didn’t y’all just eat the light lunch that you said you wanted on your preference sheets? Shut up.,anger
You are my beer god thank you haha,happy
I’d love to get an update on what happened! (When you are ready),fear
Unexpected Funhaus?,sad
Greasy bastards are getting part of what they deserve. Some fines just don’t seem to be enough sometimes,anger
I like surprises.,sad
Favorite: Hardhomme! That epic stare down at the end! Least favorite: No One. Completely ridiculous and unbeleivable,fear
> ftw Awesome statistic. Made my day! Love it,happy
"It's not his fault, it's your wife's. Shes the one you need to be pissed at",anger
Wow .. this is more terrifying than if they were a ghost ! Amazing twist,sad
Sad face it is,neutral
...holy crap.,sad
It continually amazes me how many people don't understand this.,sad
"She took the fucking kids, huh?",anger
"Who the fuck reads news *papers* anymore? Baby boomers. This kind of crap is totally written by a ""journalist"" in need of a safe place.",anger
This hurts to watch,neutral
After hearing weights drop - I can't imagine they're that good for the floor....,sad
Plus the idea of a choose your own adventure movie is absolutely exciting and brings more chances to go back through,fear
"[RELIGION] is what produces these people, there are plenty of them and a beheading has even occured in the streets of LONDON.",neutral
She must have a very boring life,neutral
"Dude, she had just lost her baby, too. ",neutral
"Yup, that's exactly what happened when the alt-right took over the sub. So glad I won't get banned for saying that now.",happy
"Hey, you sound like you're living my exact life. It's a good life. Enjoy sharing the love. ",happy
Wimbledon’s instagram posted about [NAME] and his relationship with the Open and I ended up crying. Not ready for him to hang it up,neutral
Cancel as soon as you can it’s far more enjoyable!!!!,happy
I feel fantastic,fear
The fucking worst game in the world.,anger
"Funk Night @ Marble Bar is Friday, 1/25. Always a good time and only $5 to get in.",happy
"Cheers, I will do ",happy
I switched to Ally and love it. 2.2% interest is awesome,happy
Our education system has been a complete and utter failure...,neutral
Cool have fun,happy
Wait... today isn't April 1st...,sad
"And when the 4th Quarter needed it most, it vanished!",sad
What have I watched ?! My eyes!!! Mom!!!,sad
Yeah those glimpses of the person I fell in love with too but unfortunately the glimpses are not enough which hurts :/,neutral
Can’t wait to listen! Look forward to each episode.,fear
Pointless but fun,happy
"I remember that. It was a crushing experience that started a whole other level of depression. But hey, maybe things will work out for you. ",neutral
Did he just get fat? What caused him to fall off so much? It's amazing how quickly he flamed out.,sad
I have never seen a dog more excited than when a sled dog is about to go to work.,fear
"They're upset because, if the slime that makes 4chan stink were to congeal into a person, it would be [NAME].",neutral
Wow. So I figure you two are both at least considerably older than me (24) and ...wow his response,sad
I miss him...,neutral
"I don't filter it out because I enjoy my daily cringe from the constant open letters. ""To the ____ who ____""",happy
Happy cake day !,happy
Feeling this so hard right now. Virtual hug.,happy
Feel you pain. Stay strong,neutral
[NAME] damn it,anger
FUCKING DIN!!!,anger
This genuinely made me angry. He and his sociopath of a wife deserve each other.,anger
He happily accepts the hugs. He hugs me now and again. He also has no problem accepting hugs from his mum.,happy
Fucking fuck! 2 (or more) sets of fucking socks in fucking sandals.,anger
I’m very sorry for the loss of your friend.,neutral
annoyed at most,anger
oh my [NAME],sad
"Wow, I’m going to have to remember this one...",sad
My favourite goes back to one of the first battles ever on YouTube:,happy
Too right. I hate the Sun. worst tabloid out there,anger
shut your deregulating lying mouth bill,anger
But what if that's the only job I would enjoy?,happy
I want to end myself when it happens,neutral
Sad truth is you cant run away from who you are no matter how hard you try :(,neutral
To each their own. I enjoy it for what it is,happy
Just life.. I feel like i'm just a parasite that should be removed.,neutral
Yeah lets celebrate that only one guy (well maybe put dirk and [NAME] up with him) has come to play.,happy
Luckily he is not.,happy
Outdoor cats have a lifespan of about 5 years so allowing them outside is basically a prolonged death sentence.,neutral
Tears of happiness rolls down the eyes,happy
This is infuriating but what’s also infuriating is missing all of our chances and players being constantly in offsides positions,anger
I'm sensitive! :'(,neutral
I hate to say this but I love the drama around this all.... idk. My life is boring,anger
"Just looked up TITANS, now I've GOT to watch it!! Thanks for the advice too",fear
"""If you don't support no go zones, you are racist!""",anger
How do you know he likes beer. Did he ever once state that he likes beer?,sad
I love foreign money. I enjoy making origami from it.,happy
Wow you’re mom is truly living by the love first motto that is [RELIGION].,sad
Hooray! ...But I'll still never be able to afford a home.,neutral
Mrs.Frizzle has found herself on hard times.,neutral
When you've been to 9 in the past 20 years its kinda hard to stiil get excited . Its our week 17.,fear
You were used as a weapon to inflict pain on your father. Glad you reconnected and found a good parent.,happy
I’m glad you did,happy
"I hate the message that's being pushed, and it's even worse that it's being pushed by this guy.",anger
"Grey socks and leather sandals, that hurts me through the screen.",neutral
"I can hear [NAME] now: ""Why don't I have a mic why don't I have a mic FUCK I need a mic""",anger
"correct me if i’m wrong but when [NAME] eliminates [NAME], she technically has a better track record than [NAME]?? i’ll fucking cry",neutral
Omg the hockey god’s actually helped us !?,sad
Nothing more Jersey than the sound of car horns over [NAME] rambling out an annoyed answer to a caller.,anger
I wonder how many tries it took to get the spacing right,sad
Yes!!!!! THIS!!,fear
Those ads actually make me feel bad for financial advisors gouging clients with excessive fees.,neutral
"was i replying to you, you fucking degenerate? off yourself ( in game ofc )",anger
Happy cake day!,happy
"You're saying some surprisingly stupid things for someone named ""[NAME].""",sad
It literally never occurred to me that there would be a sub for USAJOBS. Thank you so much,sad
YES! And have some fun guests to dish with.,happy
If your dog is an arctic breed they will go crazy with joy and be sad that you don’t share in their happiness for the bitter cold.,happy
Love situations like this...excited to see if he'll make it by tomorrow,fear
Mom will get sad. [NAME] still good. Hanging out with friends still good. Money buying foodie exp is still good.,neutral
Drs hate him!,anger
What I know is you seem perfectly comfortable being a hypocrite but utterly outraged at the idea of admitting to it.,anger
[NAME] got a serious case of the giggles today.,anger
Dont keep your mouth shut.,anger
he defended [NAME] when [NAME] drugged and butt raped a 13 year old girl,anger
I have a deep seeded hatred for close-minded people too.,anger
"Such a sad, angry person. Take a break from reddit and go take up cycling or something.",anger
"interesting, I'd like to see more about this (when available of course)",fear
Terrible... children are innocent and precious. This is so barbaric.,anger
This is painfully fake,neutral
I'm sorry OP but this is all on you. Your parents played you like a $4000 fiddle.,neutral
That last story was absolutely beautiful and sad.,neutral
I must be getting old. Much more likely to be horny at 2 pm.,neutral
I can understand political acrimony but the death of humor is really disappointing. Very sad indeed.,neutral
Wow. If it shows calls on the bill then what good is it? Glad I asked...,fear
"This is the sweetest thing ever, im gonna steal it and use it on my fiance",happy
Ehhh but as a survivor I hate noed and hex ruin why would I run them against someone else,anger
What an idiot.,anger
This hit way too close to home. I’m suing for emotional damage.,neutral
"Take an updoot for making me smirk and smile. It might be immature, but it's hilarious.",happy
I still rock my Casey Hampton pro bowl jersey!!,fear
"Ladies and gents, I present to you, your typical anti-gunner.",fear
No need for pity! It was a happy moment. Tears of joy not sadness,happy
"Can we ban posts about him now he's a predator? It just makes me sad now, Idk about anyone else",neutral
22 years to the day. It was uncanny.,sad
the fuck? I would do it in a heart beat. ya'll nuts if you think [NAME] will draft any better than [NAME],anger
"Stop, your hurting me!",anger
Wow. That went south both times. Wanna try for a third?,sad
"Wow, *only* 7 exes. You are definitely FA.",sad
The truly sad thing is she's getting burned to legitimize Russiagate. It's a shame she wasn't a legit whistleblower.,neutral
"Upvoted because [NAME] is a good boi and can’t help it, but tbh it makes me sad to see him struggle like that..!",neutral
Hate them. I really don't need to hear about you pissing your pants in the first grade.,anger
I did not know Donuts could be so complicated.,sad
"Man, I can’t wait to buy cannabis from [NAME].",fear
"Sadly, it looks like there are a ton of [NAME] in this sub",neutral
What the hell. Poor [NAME]. Poor you. Wow.,sad
I just wish he got more screen time. Im enjoying this season but I feel like the huge cast of side characters get all the attention.,happy
This is so aesthetically pleasing. Wow. And yum!,sad
GIVE ME OTHER PEOPLES MONEY!!!!!,anger
No stop. One Red and yellow team had to be sacrificed for the fortunes of the other. I’m sorry,neutral
[NAME] Wednesday’s 😎 Good to know he’s enjoying the retirement life. ,happy
I don’t fucking care,anger
Idk why you're surprised. [NAME] and [NAME] had identical philosophies. It's why the offense didn't change when he came back.,sad
Wow random irrelevant internet person has the secret goods on [NAME]. Maybe we’ll finally get to the bottom of this birth certificate thing...,sad
WHAT. It says due date 12/31/18. Did she have the kid yet? Oh [NAME] I feel so bad for her and that child...... nooooooo,neutral
* Fuck [NAME] * Yes,anger
Can’t wait to try this out,fear
This made me smile so hard. I am happy for you. May we all find our own happy and worthy constellations 💕,happy
"I was, and it's not. He's mad that someone posts articles he disagrees with. Pathetic and his fury is deranged ",anger
Good call. Run!,fear
Exactly hate when people try to spit facts when they don’t know if those facts are even right😂😂,anger
I think it's even sadder to go through someone's Reddit account looking for stuff like this to post.,neutral
I don’t think anyone will miss me either aha,neutral
The poor car.,neutral
"So happy for you, enjoy ",happy
wow that's dark,fear
How to instantly look 20 years younger!,fear
Wow 😮 you really convinced me... like gtfo here,sad
Ooh! Ooh! I want to lose more than 5-10 vanity pounds! (...wink wink),fear
"5'11"" [NAME]. He's basically 6 foot, so I must be missing something here.",neutral
I can’t believe that’s real,sad
Oi he got stabbed in the eye,neutral
"I'm happy however those two don't get a ring. Would be overjoyed if it was at the hands of [NAME], [NAME], and [NAME].",happy
But everybody got mad when Russia recognized [NAME] as US president. Go figure.,anger
He drives to the basket like [NAME] used to. And can shoot the 3. And he's super clutch. Love the dude,happy
So true it hurts.,neutral
"It is funny and sad, when faced with the option to laugh or cry I choose laugh",neutral
>It's always possible they will bring back an older villain that is behind [NAME] Ah yes. I can't wait for the [NAME] 3.0/Snoke 2.0,fear
She was carrying all my burdens >:((,neutral
How dare u/Reijka92 disrespect [NAME] like that!,anger
"lmao dana just like ""i fucking hate my nephew""",anger
Best! Episode! Ever! There is like a joke every 20 seconds.,happy
Welp these were my happy tears of the days. :’),happy
"Heh, U.S. only has a partial government right now :/",neutral
"Exactly. I forget what the ""killed per year in a school shooting"" figure is but it's shockingly low.",sad
"Thats nice to hear, glad I could help.",happy
It's showtime!!,fear
I’m so sorry you are going through this. Sounds like an awful experience.,neutral
"Finally, one win for the war on drugs!",happy
I just worked 6 hrs today and already hate it lol work just sucks. I'm not sure how other people do it.,anger
Does this really work? Any one else try this yet? I'm surprised I've never heard of this before thank you.,sad
Ya got a good life... *ya got a good life...*,happy
"No it’s not, I can give you multiple examples of cops getting physically assaulted and not even using their guns. Stop lying.",anger
Sadly it happens randomly and I wouldn't want to lie to someone for money if the thoughts didn't appear.,neutral
It's wonderful and gives me happy happy feels,fear
"I like this template, it makes me happy.",happy
"Thank you! [NAME] is a character that means a lot to me, and it makes me happy that you like my portrayal of her.",happy
"Only thing TO know is that this motherfucker is obviously living his best birdy life and good for him. Fly high little buddy, fly high. ",anger
"More like trash ass link. Wtf is “Apple Music”, probably some shitty limewire ripoff.",anger
Ahhhh fond memories,happy
"Yes but iy also makes complete sense that morty woild want it gone too, so i hate how he instantly assumes it was rick",anger
Sounds painful man,neutral
"Yeah, right. [NAME] can marry [NAME] for that matter, as it seems only his genius is keeping her on the throne.",fear
"As a kid, I was way more excited to see the [NAME] truck.",fear
my parents got engaged in the courtyard of [NAME] back in the 70s,happy
I remember being three years old and feeling mortified and frustrated that my preschool teacher and classmates were freely dancing to ridiculous music.,neutral
Scars do not fade after 2 weeks. Its gonna take a few months. I've got some nasty scars too girl I feel your pain,neutral
I cannot believe a woman in her 30s has never had an orgasm. I would have tried everything on the planet to have one.,sad
[NAME] family must be having a field day there today!,happy
The frankness of this comment made me giggle,happy
Yay let’s get nice and pissed,fear
"Disgusting trash feminazis, fuck your hijab",anger
I'm sad we have you at home this year. I want to make a trip to see Allianz.,neutral
This guy fucking gets it.,anger
Mozzarella sticks!,fear
"Look what time it is. It's Fuck You, It's January!",sad
Yep that was incredibly rude. What kind of adult sits down and decides to put that in a major magazine? Just unbelievable.,anger
shut up LIBTARD you right now:🤯😭🥺,anger
BREAKING NEWS: The new girl had to shred/chip a 6lb entire chub of Kentucky Gold ham today. Poor girl's arm ached the rest of the day.,neutral
Scotland aren’t the best team to compare against. On their day the could debatably beat NZ on a bad day they lose to America,neutral
Im so glad that he Reacted that way i feel the same way about my college but im in the last semester 🤓,happy
Glad to see [NAME] are finally admitting they are babies who are unable to take care of themselves.,happy
I know logically that I haven't gained real weight but overeating both weekend days makes me feel like I have. I drive me crazy sometimes.,fear
Her Twitter checks also clearly a fucking idiot.,anger
How exciting.,fear
"you did drug her though, and assault her by undressing her and taking her photo. you committed multiple crimes. you need professional help.",anger
So cool! Me and my sissy got the same but on our arms! On twitter!,happy
What the fuckkkkk burn itt,anger
Excited for you guys to be there see you there [NAME]!,fear
"Wow, after the past 2 seasons that seems like it was like 6 years ago.",fear
I'm so sorry,neutral
Had a stroke reading these.,sad
"Welcome to The World of... Mobile MMOs. Where power can be yours, for a price.",happy
Why don't you just tell us? We're all dying to know!,fear
I’m just gonna go ahead and call bullshit on most of the details of this story.,anger
"I used to work nights at a 24-hour Walmart, “interesting” is a damn tame word for it.",fear
DAMN!!!,anger
I feel digestive regret just looking at them.,neutral
"And a hell of a lot better receivers. [NAME], [NAME], prime [NAME], [NAME]. ",anger
Now all we need is to beat them in the playoffs one last time and win the super bowl THEN I'll be able to be happy,happy
"Oh, sweet. It's the gaming guy who hasn't uploaded any gaming videos yet! /s (I like him and am just poking fun)",happy
...says the opioid addicted narcissist with multiple untreated physical and psychological ailments and is completely unable to work with anyone but his own clone.,anger
"Wow. No words. America, the land of opportunity!!!!!",fear
I changed team snapchats name to “Bae❤️” so i get exited every time I get thing from them.,fear
I visited NYC 2 summers ago and I have the same exact feeling as you do. Glad you liked the city just as much as I did!,happy
"I'm saying put up or shut up. If you can't back up your point with evidence, your opinion is worthless. ",anger
"I enjoy vintage cooking porn. A young [NAME] trussing a round roast, for example. ",happy
So so good,happy
Fuck you I was in the bed:/,anger
because energy drinks are the most fucked up you can get while still being sober,anger
Is that a little poot at :09?,sad
11 years goddamit I’m old,anger
That must have bean awesome to find those,happy
What a fucking idiot lol,anger
"And also, turning someone's hands into spaghetti is cruel and inhumane and not a reasonable punishment for theft.",anger
This is so true cause I always think “are they just using me for sex?”,neutral
i’m so sorry.....,neutral
Because idiots in this sub care too much about what other people have on their screen? It only tells me that too many people on here are narcissists.,anger
Happy cake day,fear
I really like the colours but I'm wondering where that bit of shadow on the chin comes from.,sad
That sounds so terrible. I'm very sorry.,neutral
"People are gonna end up hating Deus Ex because of this, and that's just a travesty",anger
Fuck your shitty ass title,anger
Because ridiculously attractive people also have self esteem issues and depression Guess what honey The world sucks for everyone There’s no escape We will all die in misery and alone,neutral
Possible sad tyre,neutral
Happy cake day! :),fear
I am so sorry to hear about your wife’s tragic injury.,neutral
Wow! Never thought of it this way but that's a REALLY good point.,sad
felt that so hard too,neutral
Damn this guy just had a bad day!,neutral
Happy for u!!,happy
did not know she speaks fluent Ukrainian.,sad
Wow so glad [NAME] is getting it done quicker. Better for later in tourney,happy
So did mine! And I'm now one myself. Sending a trillion hugs and props to you!,happy
"Dude my brother just paid $300 for an ounce, can’t wait for legalisation",fear
Fuck that. Anyone who makes a career out of spreading bullshit to morons is worthless trash.,anger
*How???* The internet never ceases to amaze me.,sad
Whhhattttt. That’s crazy!!!,fear
"Testing it out in creative it feels like the hunting rifle got a huge buff this patch, cant wait to bring out one of my favorite weapons ",fear
But milk is beta food! Who wants that girly ass shit from a boob? My child will drink bone broth and the tears of broken women!!,anger
"Not gonna happen, pure delusion I *aggressively* call this ridiculous bluff",anger
I always wondered why that never happened with the “muscles from Brussels” in any of his movies.,sad
"Wow, thanks whoever did the silver❣ put a ray of sunshine into an otherwise cloudy day! ",sad
Stop lying to me,anger
The Button was amazingly fun. By far my favourite reddit memory.,happy
And..the reality of it hurts,neutral
I am so sorry. My kids are the only thing keeping me going. The loneliness is agony.,neutral
Of course! Happy cake day 🎂🎉,fear
It's Incredible! So glad I could help with this! :D,happy
"Very tired us can attendant: ""here are your vagina slimes."" ... thankfully the customer just laughed kt off.",happy
" No way, man. We're gonna keep on rockin' forever. Forever. Forever. Forever...",fear
oh my gooooood,sad
Damn don’t sell this,anger
Good. Stay the fuck away.,anger
"A Canadian Breakfast for €0?!? Unbelievable, what a world we live in.",sad
Isn't the minimum 3 majors or something? I don't think he made the cut but I'd be happy to be proven wrong,happy
I miss [NAME],neutral
Oh really? I didn’t know someone else posted it haha Edit: just looked and someone posted it right after me,sad
I can't believe he told that story. I'm sure the minister that released the water is now so totally regretting not asking for a bj!,sad
Stranger things have happened.,sad
That poor soul,neutral
There is a surprisingly large number of [NAME] who play.,sad
NIKE NIKE NIKE NIKE NIKE NIKE NIKE NIKE NIKE Those leggings lmao,anger
Oh hey that's pretty cool!,fear
"Oh my gosh, my Dodger blue heart goes out to yours and your family. I am so sorry.",neutral
I enjoyed speaking to [NAME],happy
Hopefully you get a good bashing soon,anger
Oh I never knew you could do that,sad
"This is a huge stretch, but I would enjoy seeing some tweets from her hubby about it...",happy
"Me too! So pumped! Enjoy the game, bud!",happy
":-) Lunch with the wife on a weekday is such a special treat, even when one is under the weather.",happy
"hahaha, this is great. We need more anarchist jokes.",happy
"Yep, it's all extremely frustrating.",anger
"Gnarly ballsack is the technical term, I believe. Sadly, it's just a face beard.",neutral
Damn furries. We don't have animal ears!,anger
Wow! You are close to me in age. I would never do that.,sad
No joke. Physics or chemistry I can see but comp 101? I’m surprised he has the ability to find the internet,sad
Shh don't spoil it for us,anger
What a fucking cunt,anger
I'm having a hard time understanding what exactly happened. I'm sorry you're having these problems. 🙁,neutral
"For art? I think it's kind of silly, but it's also fun. Let people live :P",happy
Well that was disheartening.,neutral
That head must hurt!,neutral
why wont i just fucking die,anger
Exciting finish here.,fear
Stunning considering you have the exact same opinion.,sad
"I’m excited to see [NAME] come in here. I hope he plays some more quality, aggressive minutes",fear
I watch it because I enjoy it,happy
oh my [NAME] easily one of the worst sounds aaahhhhhh,sad
"Not sensitive, just scared that a sub I enjoy will become divided and will have in-fighting.",happy
My condolences.,neutral
"What? They all look entirely different. Yes, they are all handsome, masculine men, but that's it.",sad
But that jumper looks hella cosy,happy
Can you freak bitchhhhh,anger
Fucking happy this jerk is still well and alive.,happy
Well they called and said there was a pricing discrepancy and they could not honor it. 😭 sad day.,neutral
"Shut up, [NAME]. ",anger
This is giving me so much life.,happy
Happy birthday! Drinking one for you tonight. When you get up tomorrow you can take the first step to making sure next years birthday will be better!,fear
Worse. They told us to mind our own business,anger
"Didn’t know if you knew, so I was just trying to give context to your statement. Sorry. ",neutral
Oh a cat !,sad
She's as beautiful and as happy as ever,happy
"same, just found it interesting and sent it so people could see. ",fear
Poor thing. Her arm looked stuck in the crutch as she fell. That had to hurt,neutral
"They've actually gotten a bit worse :D Started with just a dry cough, now it's pain swallowing, stuffed nose, but the cough is now better",neutral
It’s kinda sad that this made me lol.,neutral
Please. I can’t even with these comments.,neutral
This is kinda sad,neutral
Aye but happy cake day mate.,happy
I hate [NAME] and [NAME] for what they've done to this franchise. And I'm growing to hate [NAME] as well.,anger
no way I have never heard of that! wow!,sad
And sing the beat !,fear
"the sky, living a happy and amazing life in the clouds.",happy
I still hate Catcher Eggman!,anger
That’s very unfortunate for the bosses. Capitalism sure does commit genocide. Ireland. India. Indonesia. Vietnam. Iraq. Should I name more?,neutral
I had a blast watching it and am glad you did too!,happy
"I feel bad for house slaves, even if it's in their understandable self-interest. ",neutral
You have no right to be there waiting to be nudged.,anger
Yes!!!!!! She’s a hot mess!,fear
*Hey just noticed..* it's your **7th Cakeday** Korrk! ^(hug),fear
NO I HAVE NOT EVER FIRED MY GUN IN THE AIR AND GONE AAAAGGHHH!,anger
I mean. Wtf is there to do online. GTAO had a shit economy but at least had things to do,anger
This is lovely. Didn’t expect the end.,sad
"You're a freak, you dirty dog you.",anger
Oh come on! Stop posting this stuff. FFS will you think of my blood pressure!? You’re killing me (figuratively speaking).,anger
I’m an NA boy and Rival/Dig were my two favorite orgs. Glad to see at least one of them is returning.,happy
"It's a cruel, uncaring universe we live in. Fingers crossed things won't completely fall apart for them.",anger
With those pieces I’d be surprised 😒,sad
"Thanks for the encouragement, it means a lot! Glad you liked it, seeya around 👌",happy
Typically the speeches come from a functional adult. The Idiot is an unindicted co-conspirator with a visible personality disorder. Feigning normalcy is part of what's wrong.,neutral
Yep first to go crying to the government but happy to bully single mums on the benefit,happy
"OMG, I thought the same",sad
If I died I've always wondered who will be at my funeral. I imagine only my mom. Maybe one of these days I'll find out.,neutral
"Wow, hearing him swear, thats gonna be something ",sad
Ah yes three of my ~~best friends~~ worst enemies,anger
Had to comment just to say that I don't even know what to say to this. It's so mindblowingly stupid.,anger
"A family friend was just found to have made this comment, I am interested to hear your thoughts. ",fear
I'm sorry my Baby [NAME] joke made you so angry.,neutral
"see im on here having fun meming on all yall basement dwellers, stay salty ",happy
"He's a selfish bastard druggie, so we no longer care about him. Thank you for your condolences <3",anger
"I know, pain in the asses.",neutral
Never would have thought about that,sad
Outraged suburban white moms ranting about stupid things that don’t matter and making ridiculous comparisons are peak humor,anger
Gotta wonder how a fake BC could possibly result from a 'mixup'.,sad
HAHA so sorry. I've had a very slow day at work. Been hitting F5 repeatedly. Was surprised it wasn't already posted.,sad
Winning is fun,happy
"""IT'S GET YOUR GAME ON! SAY IT RIGHT!""",anger
I miss [NAME] butt.,neutral
"First of all, sorry for your loss. Keep in mind that funerals are for the people still alive not the person who has just died.",neutral
Every point you make is proven wrong lol. Just stop.,anger
Yeah. I killed them both.,anger
HEY! NO OC IN r/ComedyCemetery,happy
Damn kev I knew you love [NAME] but wow this is next level,fear
I enjoyed the effort from your dad so I must downvote but I want the subreddit to see this so I’ll upvote,happy
One of the gayest shirts I have ever seen...,fear
I'm so surprised they haven't done it yet tbh!,sad
Fight me coward! I will never ne frego!,anger
Baby cake!,fear
I cannot believe the fucking audacity of him. Have some shame for [NAME] sake.,anger
With a lot of severe brain damage after being beat back to life with an ugly stick.,neutral
We did it guys! We’re the real heroes!,happy
Bloody Peasant!,anger
He already sucks. Let’s just nerf him some more.,anger
I don’t understand the point you’re making sorry,neutral
mans got me excited,fear
"Any [NAME] who are into this, hit me up! Love me some trance & techno. Can't wait for Transmission Sydney in March :)",fear
I miss my Shrek Ghrok :(,neutral
Intresting. Well I sure did learn something today! Cheers!,fear
The Mets fans in me gets excited for [NAME] when I hear [NAME] theme.,fear
"Great person, tough as hell, will truly be missed😢",neutral
HOLY MOTHER DUCKER,anger
I wonder if the mapgen portion of the population will die in the first place. Dwarves just waste all their time working on the labyrinth it hits 30.,sad
Happy to assist with the credit repairs. I've been in the industry for over 20 years. It takes time but it's fixable.,happy
Sadly the same way know people who know people and being in public. Maybe an online game with chat like league or xbox,neutral
"I played for a decade+ on release, I'd be happy to help you or anyone else!",happy
Happy new years!!,fear
"Wow, great news bro!",sad
BUT I STILL HAD ALL THEEEEEESE,anger
Yes what the fuck is going on here,anger
RIP. Sad for his family and the bull riding community.,neutral
Meanwhile in western society grown-ass adults will leave their McDonald's trash scattered all over the place just feet away from the bin.,anger
Hardly surprising. Now they also lost their coach... rip,sad
"Sorry, you misspelled disrespectful. You don't have my trust. Here are the divorce papers.",neutral
And you get a gold! and you get a gold!! and you get a gold!!!,fear
Wow! It's dead af here,sad
I wonder if we will get to actually see the demise of their relationship. I doubt they will do it on the show though.,sad
Damn! A 4-pack! That’s awesome.,happy
"Both [NAME] and [NAME] were broken up, so it wasnt cheating.",neutral
"As long as the stop watch on my iPhone is timing him, my kid will do almost any chore. Its crazy what kids find exciting",fear
I mean you can want a break from something and still enjoy it.,happy
FBI OPEN UP!!!!,anger
"Wrong on so many levels. Just sit back and watch it implode. It will hurt at first, but guarantee, you will have the last laugh. ",happy
Happy cocaine on a plate day!,fear
I wish I could forget. Stop reminding me :(,neutral
Done and done in the memory of [NAME]. I am sorry for your loss.,neutral
Wonder if some of the ‘cuse guys we got because nobody was available anymore will be cycled out,sad
Yeeesss...... let the anger flow through you...,anger
> The headline writers are misrepresenting her words (second publication I have seen in minutes that has done so). Oh wow I wonder why,sad
I had to mute cause the sound was making me cry.,neutral
"It's awesome. Sorry, I am a red-blooded male. I see a beautiful woman with a thick 10/10 body and I like it. 😎",neutral
Royals can be prosecuted. Princess [NAME] was charged under the dangerous dogs act many years back the monarch enjoys sovereign immunity.,happy
"Or at the very least, why can't healers have HAMMERS!? (... I miss Legion :(]",neutral
Honestly- live your life as a person who can love what others hate- because that’s just a little more joy in your life versus their hate.,happy
Wooah :o Didn't know [NAME] had a son xD,sad
"...oh goddamn it, that's in my sales territory.",sad
Upvoted twice because this is EXACTLY what they think it is and it sucks rat balls.,anger
"I, personally, am excited to have another agent to make the lab numbers look pretty while the patient dies. ",fear
And let us not forget the lord's privilege with a new bride. Ahhhh......the good old days.,happy
I hate everything about this.,anger
This makes me smile.,happy
"That's amazing! Did you have a zoom on the drone, or is the post effect?",fear
Honestly I wouldn’t mind. Glad he’s still in the NHL. Poor [NAME] was playing in the KHL last I heard.,happy
SHE DESERVES TO BE TRULY HAPPY. LEAVE HER [NAME].,anger
"So glad my mom didn’t act this way when I was diagnosed.... oh, and my mom was smart and vaccinated me",happy
"oops, my bad.",neutral
Ayee it made it ! Enjoy,happy
Crossposting is a terrific feature on Reddit. I'm happy if someone does it to me because it means more people will read one of my posts.,happy
"Wow, didn't expect this thread to get philosophical.",sad
I'm nauseous,neutral
"I love them, it's so fun to jump around everywhere",happy
omg that's gonna be a hell of a reunion as well,neutral
"New year home boy. You can still change. If not, 2020 is your time to shine boiii",fear
Yeah but they actully had/have shit to be mad about. Their board is incapable.,anger
I scrolled past this and thought this was a title reveal and got so excited. Good GOOD theory though!,fear
You admit to discrimination based on your personal criteria. Say no more.,anger
Fuck the cubs,anger
I feel like I'm in a yoghurt advertisement announcing how my digestive system is all rejuvenated. Its that wholesome.,happy
"Oh my goodness it's like a happy little cloud! What breed is it? Either way, omg enjoy petting that super soft puppy coat for me! ",happy
"Oh [NAME], someone did it already, and it was 3 DAYS AGO O.O",sad
"""Sigh"" I thought you were better than this I thought we were over this but no you just had to do it ""Upvotes angrily""",anger
Oh ok sorry,neutral
"I have [NAME] hat so I could marry it, flip it and kill it",happy
Yes I really miss his streams...the ONLY reason I chose adc as my main role was because of how chill chaox was.,neutral
">I have, on multiple occasions, enjoyed sipping on my flask of scotch at Bowness ",fear
I hope [NAME] does get a new devil trigger. I’m sorry but seeing the same one repeatedly has gotten old.,neutral
Ah well I still feel a bit bad for the parrot but at least he won‘t be harmed :),neutral
"Such a great thing to hear. Setting aside my very immense distaste for SA, this really just makes me happy. I love our country.",happy
[NAME] has broken his brain so bad he’s turning [NAME] into [NAME],neutral
How the fuck do you moan tho,anger
The internet never ceases to surprise,sad
wat u fecker,anger
"I should say to you that it's ok but at the cancer thing my mind changed Asshole, also get help",anger
This is a really lovely ends to a crappy means. I’m glad you enjoyed yourself and got something out of it.,happy
"Thank fuck they died... I mean rip, so sad 💭🙏",neutral
"The possibilities are fascinating. In other times, I'd be enjoying watching the lawyers argue...!",happy
Removed and warned. R1,anger
"Now that you're saying it, it actually makes sense. I'll be really hurt, but if she makes him happy I can't stop him.",happy
That’s so nice! Kindness like this makes my heart happy.,happy
Crazy how quick people are to forget.,sad
"For crying out loud, all they had to do was use the smegging wipers!",neutral
"Wow! If they were to follow that logic, they would have to ask why on earth we were given doctors! Insanity.",fear
[NAME] actually just released an awesome video on the self help industry and it's relationship to these folks!,fear
So many? I’d be amazed if it was more than 0.1% of active players at any time,sad
"Even after achieving 100% in this game, his performance still amazes me.",sad
"I'm crying right now, I don't know why. Doesn't even make me feel anything. ",neutral
I wonder if the school closures with MLK holiday reduce the priority to plow ...,sad
Oh we’re TANKING tanking,anger
Happy cake day!,fear
"I am already so stoked for her eventual WATN episode, because she's going to keep kicking ass.",fear
Females living on Recruit difficulty. Smh,neutral
The only one to really be sad about losing is [NAME] tbh,neutral
I understand why... But it's so sad we have to lie... It breaks my heart...,neutral
OH MY GOD OH MY GOD CONGRATS!!!!,fear
That was awesome. Momentum is really something isn't it?,happy
Oh my [NAME] stop,sad
Too bad =(,neutral
They both crazy,happy
"My favorite so far is ""national emergency declares national emergency.""",happy
"They're all the same, all the ratemes are a trap. It's just sad people keep falling for them because its so obvious it genuinely hurts.",neutral
Nice-full circle! Leaving [NAME] for dust- I love it.,happy
I enjoy shouting this at my husband and our friends when they're being especially nerdy.,happy
I’m on mobile and I can see them. Omg it makes me so happy 😂 never noticed if before either. iPhone btw,happy
I was surprised to see [NAME] towing the line on his show.,sad
I amlooking to adopt from there! This makes me happy!,happy
"Okay, that was actually shocking.",sad
happy early birthday OP! have fun !,happy
Oh good I’m not the only one. Hello my people.,fear
Is this from “Please Like Me”? I loved that show. The last season had me in tears though. Really hard to watch. 😢,neutral
Omg it’s like you’re taking the words from my mind.,sad
I wouldn't be surprised if their confidence is so shot that they lose this control and lose 3-0,sad
ooh a piece of candy,happy
I'm so delighted that my boyfriend has found this community.,happy
"""Feed the wars and fuck the poors"" is pretty much their policy.",anger
"[NAME], don't fucking front the pass if your help defender is [NAME] he will not help you",anger
"i mean i hate these takes that because we turned the ball over 26 times, the rotations werent a problem. They clearly were",anger
lol..You're not getting [NAME] or any of the young core..,happy
this is amazing,fear
They laughed in our faces for a decade. Not to mention they were actually cheating (bountygate).,happy
"If your friend ever decides to go public with their content, make sure to let us know. We're more than happy to promote them. ",happy
My goodness I didn't even know this existed. This is my first time seeing something like this. Pretty cool stuff.,sad
fuck the caps!,anger
My 1 year old ate TWENTY TWO broccoli tots for lunch. And he still wanted a cookie afterwards. Like...what?!,sad
Real class A asshole there,anger
Awesome! Congratulations. That is a nice investment.,fear
That is not a law. It's a freaking poem that someone decided to write.,anger
That is profoundly messed up.,neutral
"Yea but I hate existing, it’s nothing but sadness ",neutral
Went on a date with someone whose 8 years older than me. She didn't realize I was only 20. Whoops.,sad
The title made me laugh so much after reading this. Glad things are going great with your wife. Many more happy years to you three (:,happy
that sounds absolutely adorable!! im glad you had those kittens there as a distraction :),happy
Get out. And take your facts with you.,anger
I wouldn’t expect anything less than those deplorable traitorous trumptards.,anger
"His! Watch out! That cars coming straight for you! Omg guys she’s arguing with ferrah, she can’t hear us help!",sad
"This feels more like ""Lofi Rock"" if that exists, or even Jazz. Very interesting.",happy
This post fucking sucks because it doesn't cater to my beliefs.,anger
First of all how DARE you plague this country with your USELESSNESS you degenerate smh,anger
"[NAME] IS SO HAPPY AND SO AM I!! Edit: [NAME] I see you, relax",happy
Ew yes I’m glad you brought that up.,happy
>So that was a **fucking** lie. FTFY.,anger
"""Oh, how DARE you discuss the disgustingly unhealthy and dangerous lifestyle I pursue!"" /s",anger
im trying to but my depression gets the better of me i have my good days and bad days,neutral
"Noooo. I seriously did not know that. Yes, mind blown. ",sad
"I'm not sure these guys are wingers, but other than that, I'm very happy so far",happy
"[NAME], I love these kinds of threads.",happy
No problem. Glad you were able to take something away from that.,happy
I cried more here than in Star Wars.,neutral
I was just in shock when she answered the door for devoin.,sad
Super Bowls are overrated anyways. s. I'm more angry about back-to-back seasons ending on a fade to Crabtree in the endzone.,anger
Get in touch with a lawyer. No one in Reddit can answer this. Throwing her out really would be better.,anger
I’m so glad I have my own car,happy
"Doordash pays less than minimum wage, no money even to buy cheesecake from the cheesecake factory after paying rent and Bills 😥",neutral
"Really takes ya by surprise anyway though, huh?",sad
Don't be a [NAME] and misuse this term. We've reserved it for a movement of women who are done with sexual harassment.,anger
"You're didn't vote for her you are obviously a racist, sexist, homophobe, you're the worst kinda person.",anger
[NAME] is on fire!!!,anger
"Because you're not making one in any coherent way. As such, I'm done. ",anger
"fuck lacy evens, she has not been impressive at all",anger
"DWIGHT, NEVER YELL AT THE CUSTOMERS",anger
... and no one seemed to care Except that lonely woman with white hair,neutral
"shut up, [NAME]!",anger
"I've said it before, but yuck, kissing that bloody mouth... Watch out, [NAME], you don't know where that's been.",anger
tailing... BOL!,fear
If you really think a horror movie needs jump scares then I feel bad for you son.,neutral
"You forgot [NAME] and [NAME] as [NAME] and [NAME] in the 2003 *Battlestar Galactica*, which was spectacular. ",sad
I always flew out from Edinburgh. First time flying out from Glasgow and I was shocked at how small and... dingy it felt in comparison.,sad
That damn FDR who America loved so much they had to write an amendment to the Constitution to keep anyone else from being elected that many times,anger
Now THIS IS shitposting,anger
Yeaaahhh... *blushes*,happy
"Ooh, that's interesting info actually (*heads to capfriendly to check how many years until [NAME] is a UFA*)",happy
I got $10 on Anzac Day as the guy won money and 2 x $5 tips that’s all.,happy
"The shipping container are my friends, damnit",anger
"Oh, goodness!",fear
4th generation representing!,fear
You poor poor fellow,neutral
"Funny enough, not all [NAME] are celebrities.",happy
If you’re going to be a psycho you might as well smile and make it look like you’re a happy one.,happy
"When it gushed out I caught myself saying ""ooof"" out loud",sad
No worries. Glad you like it,happy
"Man, I would cry tears of joy if my two-year-old cousin could just say my name, let alone say a coherent sentence.",happy
what a dumb moment of faux outrage. can't wait to see what contrived outrage someone thinks up next.,fear
My life has been destroyed,neutral
Can't wait to see the corporate oligarchs that are *lucky* enough to *randomly* get picked.,fear
He hates the Falcon because his dad would leave him all the time on it as a kid,anger
omg pizza time with junko time,sad
I'm honestly surprised you haven't been banned yet.,sad
[NAME] Almighty. This may be the most empathetic and compassionate reddit thread I've ever seen! Who ever said drunks were mean? Terrible stereotype.,neutral
I would say they do because it was a horrible accident but they were also in the wrong. The military tried to get them to disperse they didnt.,neutral
This is my favorite wild memory,happy
"I just got a $250 Bucca order, lets see what happens",fear
People would still always parry them (600ms) :(,neutral
a partner of mine made it -- it's just about my favorite meme ever,happy
"You are grieving a hard loss, and might benefit from some grief therapy.",neutral
"Nothing happens. However, I'm glad that ICOs have ceased to appear. ",happy
"Oh damn, it’s gonna hunt me down. ",anger
This is awful and borderline abuse. I can't imagine thinking that's even slightly okay,neutral
Sorry. Bad day.,neutral
"THE IMAGE ASKS ""WOULD YOU VIOLENCE THIS BABY IF BABY WORE HAT"" THE ANSWER IS ""NEH""",anger
"When they touch my arm or shoulder while talking. Usually they do it with no sexual intent at all, but it still gives me butterflies. ",fear
This is my favorite [NAME] joke I've seen,fear
Y’all some sharks. I’m really just out here trying to be hopeful for the future of my team after a heart shattering lost.,neutral
Was getting ready to comment about this one. Was really surprised how much I liked it but can see why it’s not for everyone,sad
Can you imagine not being able to pick your nose THE WHOLE GAME ! Those poor bastards.,anger
"I am so very, very happy at your last sentence. If you understand that, you will be permanently free.",happy
I wonder why you're sitting at -2 for that comment. Very strange.,sad
Oh. My. [NAME]. I can’t handle this,sad
Oh cool. Did everything else that got listed not happen either?,happy
"Yep. Two actually. Both older. Brother undiagnosed, sister diagnosed. It’s been a hellish nightmare... ",neutral
This mode is dead. Sorry :/,neutral
this is a thing? oh no,sad
"Also, he never gets hurt so you can't Robidas the guy. ",neutral
Well new years eve people can hit it with some luck in my area haha,happy
My exam is over and my winter break starts now 🎉🎉💃 I've been waiting for this omg,fear
"I have never seen [NAME] playing like this! (only started watching this season, not sure about last one)",sad
Wow. Yes,sad
I hate when these crooks say it ain't so cuz it is🇫🇷😤,anger
Weather forecast for Minnesota area. Wednesday -15 to -33. Sunday 43 to 29 and rain. What the fuck?,anger
can't wait to catch me one of them suckers,fear
That was horrible defending what the hell,anger
I can never refold the paper properly so kudos just for that!,sad
"He can’t do that! Shoot him, or something!",anger
It’s harder when you have kids with the partner.,neutral
"Watch your back u/Youareapooptard, [NAME] might hunt you down and burn you alive for that relatively minor insult",anger
"okay, enjoy living in ignorance and hatred",happy
Lol okay. It's not like they're billion dollar organizations that have their own personal agenda. Fine. Enjoy your bubble.,happy
"Oh man. Hardest lesson for me to learn as a new dm was that even with experienced players, combat with 7 PCs is brutally time consuming ",anger
There’s a special place in hell for u,anger
Sorry for having a working brain :3,neutral
Worst feeling ever,neutral
McDonalds without sauce is just sad... you take away my garlic mayo and my barbecue sauce and you take away my soul,neutral
I'm slightly ashamed to say I thought that was what the title implied too. Glad that's not the case,happy
I’m thinking it’s from when she was abused when she was pregnant and lost the baby.,neutral
They’re so angry!,anger
I can feel that man's feelings and I'm crying,neutral
kill me. lifes meaningless bc of this,neutral
I really felt for this mother. You could tell how frustrated and exasperated she was. Glad she was there to stand up for her kids.,neutral
Victimless crime? Fuck you! Sounds like your unrepentant for being a crippling alchoholic.,anger
Putting them away feels so good it’s worth the frustration. Snipers dropped my career KD by like .15 >__<,anger
Some people enjoy their music and their fans for the sake of others opinions.,happy
What did I just read,sad
"Yes!! Im always horny when I am with my BF, but right around ovulation, I am super horny!",fear
Happy New Year everyone! It’s 11:42 in CA 2019’s almost here,fear
They just shot up a mall. They’re complete fucking idiots.,anger
Every time I see this it makes me so happy.,happy
I hate that myself,anger
Imagine being born in 1987 and not having been invited to a party since your friend's birthday party in 1999 though :(,neutral
wow great news . happy for him,fear
Yay!!! Finally the fix we're all looking for after hours of endless scrolling.,fear
"I'm not your buddy, friend. Btw, enjoy the rumble you nice dude. ",happy
It's a miracle! This is how religions start.,fear
"All that interesting information and you get 3 upvotes , feels bad man ",neutral
I have trouble even remembering what true happiness feels like,neutral
I hate that you've forced me to deal with a reality I've been blissfully ignoring.,anger
I’m so sorry for your loss. It’s the smallest things that take up the biggest part of our hearts.,neutral
"Well, to them that probably was the polite term! That's funny though lol",happy
I’m that skinny and have so much trouble gaining weight,neutral
"Kill me, [NAME] ",anger
Ok cheers. I’m banned from there,happy
If you had to think of a way to survive this how the hell would you. Damn,anger
🙄 i hate these people.,anger
"Wow, time to talk to the [NAME] about a FPTP alternative.",sad
"I'm sorry, but that poor kitty looks miserable.",neutral
Wow.. You must be fun at parties,sad
I'm so sorry. Hang in there.,neutral
[NAME] done fucked up.,anger
You shut your mouth. shut it right now. *sobbing uncontrollably*,anger
Happy cake 🎂 day!,fear
I kiss the shade all dude. His username was trewdat. I miss that guy.,neutral
Try reading up. Not going to play these stupid games with a butt hurt Meltzer fan boy.,anger
This helped me when I was in my worst mental state. I'm glad,happy
Baby mama was a comedy about this- but with a much happier ending,happy
He gets to watch boxing for free and get paid for it. It's probably his dream job. I'm happy for him! :),happy
A lot of people call that this is only one they made her sick,neutral
[NAME] what an asshole.,anger
Happy cake day bot!!,fear
"Hey, I bought a few issues of ""Lady Death"" and it was awesome! I wasn't hanging posters though.",happy
"I would be unfulfilled and unhappy. I enjoy meat, thankfully I own my own plot of land and can hunt on it at will.",happy
Very interesting study.,fear
Wow I didn't know it changed your face so it doesn't break rule 1 and 2? /s,sad
"Because people that comment on YouTube videos are toxic, filthy heathens.",anger
It’s like she’s forcing a fake British accent it’s so strange,sad
"genuinely surprised me, 0",sad
"Thanks, I hate it.",anger
I did not downvote Mate :) In fact I just gave you two upvotes :) Cheers :),happy
"I'm very glad too. She has been with me for twenty years now, so basically all my life.",happy
"Keep spreading the word fellas. Wishing you all a great 2019, love you guys and the whole community.",happy
"They look like great bros, sorry for your loss <3",neutral
I’m so sorry to hear that! 😂😂😂,neutral
You are saying toxic people try to be the victim by calling you toxic.,anger
Imagine that rattle.. all the way back to Michigan. Enough to drive you mad,fear
I perform nostril waxing. It is surprising hardly painful at all. Feels so much better too!,sad
"Easy, stop men from fucking them. Cant be a slut if no one fucking ya right?",anger
[NAME] was a pleasant surprise. It might be something you'll enjoy.,sad
"Breaking news, husband borrows wife's car and should lose their job because of this",sad
"Wow, that was insane",sad
"Good for you, [NAME]! You deserved a nice drink to end a year where you made an impact in peoples lives! Cheers!",happy
OMG what??? ...[NAME] actually showed up for a gig without cancelling with a terrible excuse?,sad
"Oh [NAME]. someone finally posted something I can't bring myself to finish reading, it's too much",sad
Sexual frustration.,anger
So excited for the mauve album,fear
YES FUCK THE LEAFS. MAY THEY CONTINUE TO CHOKE IN THE POST SEASON.,anger
"Wow OP sounds like you're really skilled at opening your legs, you're parents should be proud of you, STI and all.",fear
omg i cant believe that nifty is still a thing,sad
Yet I still feel lonely doing it...,neutral
Rip hot chocolate 2019-2019,neutral
Glad you got to see a good one!,happy
Imagine making a homophobic joke when your name is /u/Lebronlover23 OOF.,happy
"Yeah I probably would've started crying on the spot. Loud, sudden and especially shrill noises are extremely *""cringey""* and uncomfortable and stressful",neutral
That is incredibly disheartening.,neutral
Oh man this gave me some flashbacks to awesome times playing with my dad,happy
"Seattle has both, and is building a huge extension to the existing light rail system. Traffic is still absolutely fucked.",anger
"No she does not, not alone and not during sex(sadly) ",neutral
"Im glad you took that step. Sometimes its really hard making that decision, but im glad you didnt force yourself to be miserable",happy
"I figured this story would end with her screaming, ""I DON'T CARE WHO YOU ARE... THIS IS A CAR.. TAKE ME HOME!!!""",anger
I laughed harder than I should have at this reply. Then the sadness hit me when I realized it wasn't meant to be funny.,neutral
French fried when he should have pizza'd and had a bad time.,neutral
I really enjoy my job but I get paid $62k I don't know if that's considered high paying but it's plenty for me.,happy
I enjoy therapy...everyone's different I guess...I don't think there really is any other alternative....sexual abuse need professional help.,happy
Surprised they aren't already doing this kind of stuff for Zion.,sad
"I got to see some fish at a science museum not long ago and it really brightened my day, too.",happy
So many of Pokimane’s fans are creepy 30+ year olds. I feel so bad for her.,neutral
Kill him the sinner,anger
Omg I’d happily live in Cape Town instead of the US!! It’s literally one of my favorite cities on earth!!,happy
Sad/Sweet for her to put in the effort to fake it!,neutral
Icing on a cake of sadness.,neutral
I think I'm kinda the same way like I change up so much everything I say feels like a lie... See just did it again. Fuck.,anger
"Likewise, Reddit has just gotten strange recently, sorry for misinterpreting.",neutral
I eagerly await [NAME] rush meta. >=),fear
Yes. He was. Fuck off with your bullshit double standards.,anger
Holy shit.,anger
This meme describes how I feel about 2018 pretty accurately. Cheers to a golden 2019!,happy
"It’s crazy how invisible, worthless internet points control us",anger
You look so happy now 😍 Hope you are doing well and that you get everything good you deserve. ❤️,happy
They still make VCRs? This makes me happy and I’m not quite sure why.,happy
It’s sad that some parents can’t accept some simple mistakes.,neutral
"I'm just concerned about [NAME] health. Do you think an old, ugly, fat, stupid person like him should be eating such unhealthy meals?",anger
I am so excited to vote for him! [NAME],fear
$100 says your boyfriend is miserable.,neutral
this is so sad Alexa play despacito,neutral
Burn themall!!!!,anger
"I’m surprised it was uploaded today, especially since he uploaded a video just a few hours ago",sad
Damn it.,anger
I actually enjoy watching this while eating,happy
I miss SFist's Apartment Sadness column.,neutral
Burn it! er uh give it to your priest to burn it!,anger
How dare you disrespect [NAME].,anger
"Or more aptly ""OHHHHH FUUUUUuuuck"" As you see me run away.",anger
stop hurting my feelings,neutral
This was a hate crime. Cut and dried.,anger
[NAME] has to have a shot. Tough son of a bitch. Also [NAME] = [NAME].,anger
Theres the link I use you stupid fuck get the fuck off my post you fucking shill,anger
"Yeah that’s a bit odd, wouldn’t be surprised to see that change come gametime unless [NAME] is shook or something.",sad
I'm painfully aware of that having bought a FreeSync monitor with my Nvidia graphics card.,neutral
"I hated him too, just keep watching. Every character has their own personal journey which is such an admirable aspect of this show.",anger
OH [NAME] I CAN'T TELL ANYMORE!,anger
Surprising you choose to believe things that aren’t true 🤔,sad
Omw. When my man sends me that I get all warm and excited cuz I know I get to spends the next couple hours or days with him,fear
I’m wondering the same; something seems weird about that interpretation of the law,sad
"Withdrawal, psychic-shattering, and other activist groups, the principle is very sad.",neutral
"Yes. It feels sharp and hurts in the chest sometimes. It will pass, but it freaking sucks. I'm here to listen, if you want❤",neutral
"I love how nobody posting here to decry the buzzfeed article is using their actual accounts, they’re all throwaways. Cowards. Just like your felonious President.",anger
Yeah its too bad that there was someone at a university who wanted to research this and he got shut down.,neutral
Reality is often disappointing,neutral
Do you fucken mind,anger
"ah thats my bad, she just finished the blog and im sharing it around, one sec and ill edit it. ",neutral
I'm glad to see I'm not the only one who snorted at it!,happy
Can we put down weed bro? He’s faced too much suffering.,neutral
A 12 million sub channel has value. Wouldn't be surprised if it's been hollowed out ready to be sold and rebranded.,sad
"He was cut yesterday, unfortunately",neutral
Have fun.,happy
I also love this decline in bch prices. Cheers.,happy
happy to help,happy
"""Didn't know you can predict the future""",sad
Well you're lying about my pun being better bitch,anger
Thank you. I’ve been feeling a bit better since they make people happier.,happy
So can relate. Hot to the point I hated feeling good because it wouldn't last. Might as well enjoy the moment!,happy
Nope. Sadly early 30s,neutral
3h late comment. have fun at school !,happy
Glad to hear it. You deserve your best life without that abuse and negativity.,happy
"Nah, you’re pretty fucked given the amount of weed you smoke and the fact you’re planning on finishing your 1.5 grams before the test.",anger
"True! Remember the geocentric universe? Oh man, they even put [NAME] in jail. What a hoot!",sad
"Damn, but I’d miss my mother. Then again she’d be all happy in her heaven. The rest of us can party. ",happy
"No, YOU’RE crying!!!!",neutral
She reminds me of my crazy sister. Just a ball of nervousness and constantly just on the verge of crying.,neutral
Happy cake day man,happy
Leave me alone :(,neutral
"The no rape was my favorite part, so glad people agree",happy
[NAME] is ruining the Pittsburgh Steelers culture...don't fucking @ me. Sinking fucking ship,anger
[NAME]! You made me the happiest girl that could eva be!,happy
[NAME] damn cummonists,anger
This comment is fucking cringey lol why the fuck do you talk like that,anger
"I'm glad I decided to watch this. Intense, entertaining football with an expert demonstration of how-not-to-use-VAR thrown in for free.",happy
"Day one of new job official duties on the books. I survived! One day down, 35 years to go... :]",happy
"More like 11 feet up, but still painful. ",neutral
I suspect wilful idiocy to sell books and merchandise to the even more idiotic.,anger
Woah... I'm shortsighted and I can get 2 pairs of glasses for €149. $500 is insane!,neutral
Surprised there isn’t more of this lol,sad
"Well, I bought cheese when I went, and was shocked at the great variety and lower prices. That probably skewed my view.",sad
are u ugly?,anger
"Amazing, I would also be deeply in love. So happy for you Hun. Enjoy every bit💕💕",happy
Nice job. I'm surprised not a single one of them used their CC immune ults or had beads. That is usually really important in assault.,sad
"Had a great time playing overwatch, but only *some* of us were getting too drunk for everyone's entertainment >.>",happy
Who the hell has all these power tools but no hammer,anger
I can barely remember when it was even possible to find shit that horrible,anger
I’m interested in the tactics and positional play lmao ;),fear
Sadly this story has died down why is he bringing it back up. Just let it die.,neutral
"YEAH, YOU MOTHERFUCKER",anger
"Except for ""fighting liberalism"". Happy cake day.",happy
I feel the same at 5 feet 9. Feels bad,neutral
"I've actually been teaching myself R lately for this exact purpose, I'm super excited to check out your book when you're done with it. ",fear
Yep. Seriously painful to read,neutral
Shithole universe i mean.,anger
"Very excited for what could come from his presidency, very much not excited for the primaries.",fear
"if we follow this pannel she is non existent and you are just allucinating, im sorry to bring the sad news ",neutral
"😀ahhh I see what you did there, clever.",happy
That's sad. You can be acquaintances with women. Not like you are driving them to the nail salon or something .,neutral
"Wow, way to disregard history completely.",fear
It’s fine. Baby boomers are always angry,anger
"I’m broke, dealing with my own mental illness, and immediately concerned with just keeping the peace.",neutral
Oh I missed that part. So the cheeky poster was referring to that crash. ;0,sad
Which was in 2017. Enjoy your loss and shush. You'd think having 1 win in a month would humble you...,happy
"That's totally my focus for today, just enjoy the day and being there for myself :) it's so liberating.",happy
"Say it louder! I'm sick of these leeches, too.",neutral
"Hey, I share a birthday with a legend!",fear
"Ooooof, that’s annoying. I’m sorry.",neutral
Someone tell me why they are out passing us they taking the game to us when we should be controlling the tempo of the ball to keep the lead.,anger
"So, [NAME] and [NAME] are over? Have to wonder why he thought marrying a 19 year old was the best thing to do!",sad
"Well I'm glad the whole coffee vs beer exchange was the most accurate part of the episode. When it comes to accents, anyway...",happy
Going to get hard for everyone after brexit,neutral
He is warped by porn. He's got a problem,neutral
Zionism is the ISIS of [RELIGION]. Brainwashed idiots like ISIS.,anger
Sorry don’t follow you.,neutral
Your friend should be disowned by their family,anger
"That looks like before Fox even owned it, I was surprised to see it's almost been 30 years",sad
I'm just happy anybody's talking to me. I'll listen again :-),happy
Those women are the worst.,anger
"22 points in 41 games with a pretty shitty Utica squad, first full year in NA... yeah I don’t want another Dahlen debacle ",anger
"Childhood is happiness. After that the rest of your life is spent chasing that feeling, a feeling that you’ll never experience again ",happy
Wah wahooooo!,fear
I died a little inside watching all of that champagne go to waste.,neutral
Holy shit I think I see cheekbones.,sad
"If someone has tithed 10% their entire life, fuck off with requests like this.",anger
This bit was more fun than it should have been.,happy
Damn that’s a big F from me :(,anger
Uuuuh I bet they look sick :D,neutral
"Bruh, fake music was the fucking best, wish we could go back.",happy
FaceTime with wifey!! Happy anniversary!,happy
"Wow, you are quite the romantic...",sad
The only thing keeping me warm in this subzero temperature is my fucking hate for [NAME].,anger
"The sheer size of [NAME] now is insane, would love to see him come back at heavyweight ",fear
"I'm very sorry for u, they should treat you like royalty not a fleshlight",neutral
Wow that’s a fascinating belief,sad
"That ""Hard work"" usually involved the junkrat pressing Q so I'm not about to shed tears",neutral
[NAME] I hate Twitter,anger
I'm not really interested in collecting them but I do enjoy watching videos of people who restore old hotwheels.,happy
Fuck her... don’t live to make your parents happy,anger
I've always hated the 610/45 interchange. Everyone slows to a crawl when there is no need to slow down.,anger
I get abused on the daily fam ‍♀️‍♂️‍♂️‍,neutral
I never understood the real harm until I started reading about childhood emotional neglect and how much it affected me. It's very common with nParents.,neutral
Fuck your husband,anger
Same. And then cried a little.,neutral
"You bet, sweetie ;) But I date girls so don't get too excited <3",fear
heyyy that’s my birthday as well!,fear
"Wow amazing, anyone know where can I find more at higher resolution?",sad
It's harder to find a decent picture of him,neutral
That would be really rough. However she is so incompetent I wouldn’t be surprised if she self immolates,neutral
I think you might be underestimating some people sadly.,neutral
[NAME] just ripped his jersey. He’s frustrated as hell right now,anger
Gratzy-Gratzy. You have a brought a great joy to this old Italian stereotype.,happy
You're back but you're still broken.,neutral
I miss their 100 Octane petrol...,neutral
"Exactly, or they thought he was saying it jokingly. The delusion these men live with continues to amaze me",sad
I can’t translate /s to Texan speak well and forgot so my apologies y’all :),neutral
Occupation badges are dumb and I’m sad they made the transition to OCP.,neutral
"unrealistic, the little fuck didn't taunt post-kill",anger
This spoke to my soul. I might cry 😭. I really do run away from my feelings,neutral
I’LL SEE YOU AGAIN NEXT TIME,fear
"I literally, like, hate people like that.",anger
Don't judge our love,anger
“So which one is she” “Uhhhhhhh.....”,fear
With the way [NAME] carried himself in Hard Knocks I wouldn’t be surprised if he flew off the handle during his firing.,sad
I wanna see [NAME] too at the ASG too!! He gotta show that [NAME] Magic with [NAME] as teammate,fear
"Not only does the overbooking hurt the customers financials and time, but violations like this one put lives in danger.",neutral
"My childhood horse died due to twisted intestines. Very traumatizing, since he crawled over and put his head in my lap at the end.",neutral
Wasn’t there a video of the exact same dude kicking down a fucking tree????,anger
Anything to do with Iceland and Scandinavia has to be rad!,fear
Wooow! [NAME] hitting [NAME] with that question! Can’t wait to see that!,fear
I'm glad you liked it :D,happy
"Sadly, I don't have insurance so unless I'm bleeding out I won't be getting medical help.",neutral
"No I don't, but I'm assuming they are true for arguments sake Why is more stress relevant or bad? ",anger
"Me and friends just got Vermintide 2, and it isn't an MMO but it solves a lot of MMO problems we had. Quite fun so far.",happy
This is cursed,anger
Ok. Believe what you want. Have fun starving to death.,anger
Sad but true,neutral
Oh that’s so sad that she thinks anyone cares about her opinion,neutral
Oops! The bottle was so oily it slipped outta my hand and into the trash!,neutral
[NAME] I want to get that ~~monkey~~blackhawk off our back so bad.,neutral
"I can deal with pupper and doggo in moderation but heckin, hooman, fren all make me irrationally angry.",anger
"A 2-day old account, and this is how you decided to use your time? Trolling the teacher subreddit? Ok dude...",anger
Better slap that car roof.,anger
Wow that's just like when I sing it,fear
"I'm shocked, shocked, to find that redditors don't read sources and stay with the info they get from the misleading titles. ",sad
You just made me so happy.,happy
Wow crazy. Proud of her,fear
Awesome! I just read Bad Blood and have been waiting for a documentary about it.,fear
The level of denial the top boys reached was astonishing.,sad
Did I just get called [NAME]? Achievement Unlocked!,fear
I'm still a little surprised at how god awful that defense was. The Bengals definitely have some talent to work with.,sad
You look like a failed attempt to gene splice [NAME] and [NAME] DNA,neutral
Damn that coyote was a fucking noob.,anger
“Enjoy your dinner”,happy
I can't not pick Savor the Flavor when playing Stitches though. It's just too damn fun.,happy
And then you got a little vacation from work too! :D,happy
"Wow City all of a sudden not so invincible anymore, have as many defeats as us now...",sad
Happy for you!,happy
I think you may just be an asshole/moron bud... sorry.,anger
Happy cake day,fear
I love how the dog is just happy the cat is giving him attention.,happy
Wow! Dude has aged well. Maybe I need some of that snek oil!,sad
It does infuriate me.,anger
DELETE THAT SCREEN SHOT! NOW!!!,anger
OMG I looked at this they're coming I can hear the boots.,sad
Wow. As much as I like pizza I would get sick of it if I were to eat it every single day.,sad
I absolutely hate the guy. Can't stand him. But we live in country with laws and he broke none. I think lynch mobs are more gross,anger
"Well that didn't take long, sorry for your loss :(",neutral
How dare the russian government expose the DNC and its corrupt behavior!!!!!,anger
Because prostitutes clearly can't be raped or kidnapped. It's so horrifying that our society still believes this.,neutral
*The Daily Wire.* Lol.,happy
"""Yeah look"" like a toddler being surprised by his own genitals",sad
I feel bad for these guys. I'd like to be able to help ex-mos in trouble.,neutral
I'm lost here,neutral
I know I've heard this phrase before but it's driving me crazy not remembering what it's from Please save me from my torment,neutral
Everyone’s freaking out about our OC. Our need for O-line is more substantial imo,anger
You’re a women hating racist. That’s what you are. Stop talking shite and trying to pretend otherwise,anger
I'm surprised [NAME] hasn't had a chance to be called up,sad
...and show some respect to her parents!,anger
Ah ok I thought by terrific you mean terrific at reducing speeding since (I think) that is the policy objective. Cheers!,fear
It’s one of my worst nightmares to have skin like that...I hope that person gets actual help,neutral
I like how the last picture is of [NAME] beaming smile and not even so much about the tattoo at all.,happy
Hey guys. Just made some dinner. Came to see the game and check ohhhhh my god.,sad
NOO HES SO ANGRY,anger
It’s called concern trolling. Don’t be so gullible and quick to politicize everything.,anger
"A surprise, but a welcome one",sad
*Hey just noticed..* it's your **2nd Cakeday** yosoyjackiejorpjomp! ^(hug),happy
So many nice things here. Good vibes. Enjoy your cake day and weekend. ✌,happy
Poor fish :(,neutral
All good brother,happy
Just for recreational use? Glad you are having a change of mind though,happy
In what fucking world is this drawing not bad,anger
Ngl the entire first order feels like a joke...,happy
Wow. You basically found my dream woman and gave her up.,sad
You know I’m sad the [NAME] hype is over because I actually think he’s been really good for us overall. I still trust him.,neutral
"When the gov shut down under [NAME] many were calling for his resignation. This is similar, but people already hate [NAME] so obviously people are more angry.",anger
He's back! I missed him. He is the most entertaining thing on this sub.,fear
"This is a person who has clearly danced a lot, I wonder what happened ",sad
>How do you know I didn't Because you posted this dumbass post. And only someone who didn't would say that,anger
"yeah but like I’m highkey anxious about getting shocked and screw Apple for getting rid of the rainbow logo, it was so cool",fear
ooh man I miss OutKast. brings me back to my childhood,neutral
"I was assaulted by my father once too. Please don’t hate yourself, it was not your fault. It was his doing. ",neutral
Omg! Sounds like [NAME] was right about calling [NAME] a weirdo! That is so so odd!,sad
Oh [NAME] this is atrocious... I think I'm in love,sad
then its lost man. So sad!...its terrible,neutral
wtf i hate [NAME] now,anger
> super model strange Oh man,sad
Only issue I have is that tiramisu is a beautifully layered cake and all of that is hidden by the container,anger
"Sorry, ""semi"". Happy?",neutral
Interesting!!,fear
"Oh my [NAME], is this the new transphobia specific ""Post Hog""? Because it really should be.",sad
Woohoo! He is motivated and awesome!,fear
wow...u wanna say u were never toxic and u never rage okay if u can t do what I asked just go away ok???,sad
I like how they roll,happy
You cant.Its the idiot civilian drivers fault for probably just staying behind him like a zombie. Unless they come out with heated trailers soon.,anger
Don’t worry it will work at some point haha.,happy
"I should have known better, its obviously not a juul. I was just happy to see Oliver Tree tbh ",happy
Ah ha!,sad
All the centrist liberals in the comments are furious...,anger
"Welcome to CTH where everyone pretends that socialism will work, next time.",fear
"Don't blame me, I voted for Kodos.",anger
Taking a float plane is such a amazing experience - highly recommend!,fear
Right... so true. I’m sorry you’re going through this too.,neutral
Happy to- good luck!,fear
Hey now I masturbate in my own filth and I don't take kindly to being compared to these people.,fear
Fuck no i wanna kill the living shit out of [NAME],anger
Glad we got that criminal off the streets! No-good [NAME]. Tsk tsk,happy
"My girlfriend's creepy uncle gets extremely triggered when I point this out, or that a lot of conservatives are gigantic fudds.",anger
Yes!! THANK YOU. I’m happy the point of this story was not lost among all.,happy
"Had the item hit you, I would have asked security to hold them, for you to press charges for assault. No one should be entertaining that foolishness",anger
"Poor lady, she was the mother of a friend of my wife, and she went to school with my father in law :(",neutral
"Which sucks, because it's a *bitch* to find replacements for those.",anger
Good. Can't wait for the lulz.,fear
I'm sorry that happened. Was her hospice nurse aware that she was suffering?,neutral
"Fam, I fucking love [NAME] play. Gotta be the most exciting dude in the league other than [NAME] when he’s hitting everything from 30ft+",fear
"No, this is not polyamory. It's assholery.",anger
Sad but true lol,neutral
"Shut up, don’t block the sanctimony train.",anger
[NAME] is unbearable. I wish [NAME] had killed her.,anger
Im so interested in learning more about the Garrison EU.,fear
That fucking Mills charge is FUCKING BULLSHIT,anger
I’m sorry. Your city blows.,neutral
That’s awesome man!,happy
"Meh, the liga that we all knew and loved went away when [NAME] fled to Italy",neutral
Who the hell has reddit in anything other than dark mode ??,anger
"People who WANT a border wall: idiots, racists.",anger
"Seriously, check his food. It is upsetting his stomach.",anger
Wow! That takes guts! I’m so squeamish that I can hardly stand getting a shot 😂,sad
"You're just lonely, dude. Don't mix that feeling with love.",neutral
Actually pretty surprised that they made it fit as well as this.,sad
Dan cool and rich,happy
Chipotleee! [NAME] Damitt! Closes in 39 Seconds.. but we made it!! Loved this guy!!,fear
I am pleased to report that my 5 win streak was broken.,neutral
That’s crazy! Really bizarre. Is she off reddit too? I did notice fewer posts.,fear
[NAME] is a moron. Why take the ball away from your best player and give arguably the best RB in the nation the chance to run it out.,anger
Me too. I have so much shit and I can’t imagine taking any of it into my car and piling it that high. Wtf?,anger
it’s what i would have wanted if i was a parent so yeah i’m glad i did something,happy
Oh my [NAME] strawberry watermelon menthol that sounds amazing,fear
But then you regret it because you realize you secretly liked the attention. Just bottom things.,neutral
Happy cake day brother!,happy
"I am serious, and don't call me [NAME].",anger
And other hilarious lies you can tell yourself...,happy
"Wow that is one part disgusting and another part a huge waste of time for expecting an entertaining payoff. Warning, this video also includes spoilers for the latest Avengers.",anger
i used to do this a lot when i was younger lmao glad to see my vision wasnt just mine,happy
Shit he gets too close to a girl and she's liable to hit him with roach spray.,anger
"Haha I’m not expecting anything at considering they’re 2,000 miles away from me. I’ll be surprised if she does give me numbers,",sad
"Boston sports doesn’t deserve anymore titles, fuck the pats",anger
"one dude puked on my patio, he fell out at 2am! weak!",neutral
You will also be removed from a jury if you utter anything about it.,anger
Oh go fuck yourself with your BS generalization.,anger
Most likely shock that had him so comatose.,sad
Hmmm.. this is kind of interesting that our name was even thrown into this mix.,fear
I'm a danger to myself,neutral
"I’ll miss you, [NAME] Today is a sad day for our high sock loving brethren [NAME]",neutral
"It's sad, but yes, zero. ",neutral
*Hey just noticed..* it's your **5th Cakeday** [NAME]! ^(hug),happy
"In reality the kid said: “fuck off noob, Genji grandmaster main here boiii”",anger
You’re an angry elf,anger
Wow 40 years at 18 wow how unfortunate.,sad
? sometimes i play ffa with my friends to have fun,happy
"Yeah i know, i'm just stating why it slipped my mind, i'm glad you brought it up. ",happy
"/r/nbastreams is now posting home/away on their feeds, super easy to use.",fear
">For those of us who stay, there may be more unhappiness than happiness. Probably the saddest thing I ever heard. ",neutral
How about breaking into tears whenever one of your friends tells you they trust you because you never understood what trust meant,neutral
"""We should be happy that we moved from 4th to 5th""",happy
There are some amazingly cringey compilations of terrible dialogue from this show on yt,fear
It really is. I didn't know a thing about the feud and it caught me off guard how brutal it was. Enjoyed it a lot though.,happy
And caressing your hair.. I’m not even a woman and that makes me shudder thinking about that,fear
"Wow, that was fast",sad
No. I wishm Why did I stop? Kids work and money. Not a minute to myself,sad
I enjoyed [NAME] intermission report where he was very low energy until the end when he squeaked out a HI MOM =D because he's the best,happy
From where I was it looked like the plane banked right past the 505 on its second pass through downtown. Crazy.,fear
Ashamed of being British,neutral
I actually have the complete collection so I can play any of them when I want to!,happy
That’s sex discrimination. The male class has their own bathrooms but the female does not.,anger
You sound like my gf. I'm so lucky to have her in my life.,happy
Could also be an overwhelming guilt in the heat of the moment. Probably hard to stay rational when you realize you've killed your own friend on accident.,neutral
"Sad really. Are they really that threatened by people speaking a language? We all speak English everyday, not like we do for sectarian reasons.",neutral
Wait there are more psychopaths in this world than are diagnosed? Color me shocked,sad
It's kinda sad knowing that ibises are only scavenging our bins & rubbish due to their natural habitats drying out.,neutral
I prefer console and most of my friends play cod. I still enjoy gbs every year,happy
"I'm so happy that this worked for you! Go forth, and have unashamed sex in my honour.",happy
Today on someone flamed me in chat,anger
"fucking melb transport. I knew it would go to shit today because of the heat wave, and it did. the only bad thing about this city.",anger
It's a photograph with one of our greatest ever defender and captain. What's your problem?,anger
It would be exciting I guess.,fear
"[NAME]? He's an absolute fool. If we need a coach to destroy our organization from top to bottom, he's the man.",anger
I was 10 years old when this happened and seeing her heartbroken dad on tv and hearing her story still haunts me.,neutral
Stop it. You're giving me that warm fuzzies now.,happy
Absolutely. It's exhausting.,neutral
"I'd understand if it was because of his conduct, but because of money? We're the Yankees, what the fuck man",anger
Im so glad I grew up killing infants at hospitals instead of being on my nokia,happy
I wondered what'd happen if I was away for too long from camp. So cool this happens,sad
"Wonder if her steel balls make the same sound, clanging together, when they're frozen?",sad
And sock puppets. Wow. Nothing out of you is in good faith.,happy
Don’t forget sports gambling. THEN we’ll be happy.,happy
*All I want is to be left alone* *In my average home* *But why do I always feel* *Like I'm in the Twilight Zone?*,neutral
An online poll that the Berners didn't manage to swarm? Color me shocked.,sad
"Yeah, sorry for that one. Some opportunities are too good to pass up.",neutral
"Say thos: mom, dad, she's busted. Respect my wishes!",anger
I actually want to die rn. I don't want to watch the SB but I know I'm going to.,neutral
Just wondering how they did it visually with all the fireworks going on,fear
The part where he carries her to the car had me howling! Poor guy was stumbling with the weight he obviously couldn’t handle,neutral
Breaking News: Man Write Op-Ed About What’s Bad For Women,sad
I'm so happy you said this. I just accepted that I was going crazy.,happy
She's passed away.,neutral
But he seemed really enthusiastic! And he was wearing really expensive boots!,fear
Wow. You don't have any self control?,sad
"I'm wondering how many players have ""PhD In Punishment"" -comment unironically.",sad
"I really love that game. It's so chill, I played it a lot. ",fear
Who is bored? I happily entertain myself.,happy
"Yeah suck it, California",anger
"[NAME] can’t you see, you’re being way too loud for me",anger
He must really hate changing dies.,anger
You seem fun.,happy
"Wow, I wouldn’t doubt that at all. What a crazy situation! Poor woman!! ",fear
"But still, crying ""castrate all pedophiles"" because they could be potential rapists is like crying ""kill all men, they are all potential rapists."" ",neutral
This is doubtful...he just won with over 50 percent,sad
"I might be a prude. ""Suck him off in the bathroom of your friend's home!"" Those don't equate",anger
Farewell wonderful traffic. It's been good 2 weeks.,happy
"Gave ya an upvote but sadly, by reading this thread its not going to help",neutral
"I mean I still attend regular school, this is just a Saturday school. I'm just frustrated that I have to waste Saturday on this",anger
Dude wtf that was definitely off Brooklyn,anger
I really hate this family. Nothing but snake-oil salesmen who's negative influence will reverberate for a new generation of young women who deserve better role models.,anger
Two horrible cunts,anger
I did not even realize he was injured...,neutral
"That's absurd, people commit crimes blacked out on drugs/alcohol all the time. Also, they could just claim they don't remember it either way. ",anger
"I cringed so much just reading that tweet, I didn't even make it to the comments. That's my fucking President. :(",anger
WILL YOU TWO SHUT UP? PEOPLE ARE TRYING TO SLEEP,anger
I really like this play on words.,happy
Don't you fucken do it,anger
Oh my gooooooooood,sad
Somebody reverse this please I would be so happy.,happy
I do hate fortnite dances,anger
I don't like sleeping in the couch :(,neutral
I really hate this jersey and it just doesn't seem like a Sabres logo despite being the most accurate to the name of the team.,anger
"I read that as ""tarantula Mounting"" and was pleasantly surprised",sad
The white thing high up in the yellow square is my uncle [NAME] glass eye. Wonder how it got there.,sad
Yeah buh idk. I’d have to be really horny too and I’m really shy and anxious around him.,fear
"Yes, yes you did",fear
Come back here and fight me m8,anger
Oh I went balls to the wall and got SUPER SPECIFIC!!!,fear
was that hutty from [NAME]?? ahhh that makes me so happy. love those boys e: oh it was a rebound,happy
I agree with everything you said. I still fell sad for her but this is the consequences of her own choices,neutral
they should just stop broadcasting road games,anger
Here's my [NAME]. and [NAME] in front of our tree :),happy
I think it's safe to say I've peaked. 16/25 on the second half wouldn't all that surprising but I probably whiffed on [NAME],sad
"Oh, sorry bud. Didnt mean to be rude",neutral
"Makeup existed in 2009 too. Whoever made this is stupid. I hate the whole ""milinials dumb"" shit.",anger
I really can't imagine someone saying that if the gender was reversed.,sad
See i hate [NAME] and got my ass kicked that game bc i couldnt use him so i was lime why me 😂,anger
Legit. Can't beleive that society lets those people run around free like the walking sex crimes they are.,sad
"Also interesting to note that [NAME] left Lille for Monaco, been an interesting player when I've watched Lille this season",sad
That poor girl who said she'd help out is about to get a surprise when she finds out she has to pay for the coffee.,sad
You don't go to college to learn. You go to college to have sex with college girls.,anger
Gang beast is really only fun with friends,happy
"Wow, the menacing head shake...(shivers) ",sad
Purposefully hurt people. [NAME]. I don’t understand why anyone cares.,neutral
Y'all taking this way too seriously...the point is they're both fierce.,anger
"If it's used as an excuse to fuck the onchain throughput, it is.",anger
From one eating disorder to another. That's not recovery that's just sad.,neutral
Lucky bastard the cool change came 5 minutes into the wedding,happy
I still miss the north hills bottom dollar :(,neutral
OH MY GOD! The PTA has disbanded! Ahh! Ahh! AHHHHH •jumps through window•,sad
I mean if my wife looks like that when I get married then I’ll be quite happy.,happy
"You're very welcome. You do, and I hope (for your sake and especially for your daughters') that things work out for you all.",fear
I stopped worrying about showing vulnerability years ago but there's still nobody there.,neutral
Omg [NAME] he’s there because you don’t listen. You ass!,anger
Doesn't suck nearly as bad as Metropolitan Grill. I'm surprised that place is still open.,sad
What the fuck is this doing in a cryptocurrency sub,anger
That's really sad and shocking to hear this Really embarrassed to be a human being on this earth...,neutral
**Takes away membership card* HOW DARE YOU SIR!!!,anger
"Yeah I was super surprised by how good Trench was, probably my top album from last year",sad
I just see a car incessantly hogging the middle lane despite being undertaken on the inside!,anger
"They seem to have very ""sick"" laws in Saudi Arabia. Where women don't have any protection from government against their perpetrators.",anger
"[NAME] is my favorite character so I’m super happy they did what they did and I’m very happy she used her semblance, finally. ",happy
It's crazy I don't get where their finding them,fear
"They usually do hoss, hence the steak and beer hard to be sad with good food. ",neutral
They took my favorite hair gel!! The bastards! Good thing I took a picture of it beforehand just in case,anger
"Hope you enjoy it! Try not to leave it too long though, it's been taken down before. ",happy
"My dyslexia read that as ""McFucking brilliant"" and I was wondering if we could make it a thing.",sad
Did you just call me a *bitch*?? You will NOT disrespect me like this TODAY!,anger
The denials is crazy in here,anger
Funny I’m on my second play through and this happens...,happy
"Wow, that crazy. Hope this doesn't happen again with you. Stay safe!",sad
How dare you disparage a 3D printed JV riding a goddamn raptor,anger
It's nice to see someone regognize my username :),fear
"This used to be the biggest circle jerk for dayz ""guys its alpha!"" Oh' how the mighty have fallen.",fear
Better than selling our souls for a fucking trophy,anger
This is racist,anger
"Grado SR80e is what I have, $100 and the best headphones I’ve ever put on ",fear
"""We've won the AFC less often than you have"" is a weird flex",fear
This is very accurately funny and sad. 🤦🏻‍♂️,neutral
im glad that's not what the game is about then,happy
"It's like 20,000 words about a teenager. Fucking insanity.",anger
"She haven't tried contacting me in 2 years, i guess she lied. Congrats to me, I won the 'miss you more' game. ):",neutral
Old dirty Bastard?,anger
Fuck it; just marry everyone,anger
READ A BOOK YOU FUCKING CROOK.,anger
"Sounds like a horror junkie in the making. Congrats dad, you’ll have a buddy to watch movies with in a year or two!",fear
Let people enjoy things,happy
It kind of blew my mind to see that after reading some of the most generic advices in that post. Who the f* upvote these posts?,anger
How dare you hate [NAME],anger
Wtf did I just read? That was painful,neutral
i love all harper news because i love the shit storm that ensues on here.,happy
I hope that the talk goes ok. Though with these justno's it may not. I'm glad that you are prepared if it goes south.,happy
Let's all go to Dragon Laaaaaand!,fear
Get this religious bullshit out of here smh [NAME] doesn't give a fuck about who wins or losses a child's game,anger
Yeah but people are dumb and mesh everything together because thinking about specific situations is clearly too hard,neutral
You're glad Australia was playing politics at a time like this? That's not a vote of confidence in the [NAME].,happy
Omg I did the same exact thing LOL,sad
"When's he due? (Sorry, couldn't resist)",neutral
But he is. He won’t talk to us. [NAME] damnit OP answer us!!,anger
SHUUUUUT UP THIS IS TOO TRUE,anger
I'm sorry *what*,neutral
I just had a panic attack!,neutral
I'm glad the republican won cause I want the best high I have had 5 back surgeries and need another.,happy
I’m glad I’m not the only one who thought that.,happy
That's ma'am!,fear
"I sould have assissted in the stabbing, even ceasar would have been surprised by the amount of stab wounds on that little shit",sad
Ha ha ha. That was a good one,happy
Cant wait to start working my placement around that area!,fear
"Yep, same here. Got way too excited, then logical part of my brain kicked in. ",fear
Get out of my head.,anger
I'm glad I'm not the only one that allocates points for road kills.,happy
"Guys, even worse: He *paid* someone to set it up. Wow. ",anger
What the fuck is The Baffler? I can't even go there at work.,anger
"Great questions. I don't have the answer, but I'm happy that were starting to discuss it.",happy
"Cheers, brother. What are you doing to meet women? ",happy
"I’m glad you do feel genuine, unconditional love for your own child :,)",happy
HALLELUJAH!!!! YOUVE SEEN THE LIGHT!!!!,sad
It pays well and I enjoy it. I travel 6 months a year. For the last 16 years.,happy
"If it's anything like what happened in France, I'd assume because it disproportionately affects the poor. ",neutral
I now understand why everybody gets pissed off at these weak ass pump fake fouls.,anger
So happy for you both!,happy
This was driving me NUTS!,fear
Lol kill me now,anger
I love how all these suspects greet [NAME] like an old friend.,happy
Holy shit!!,sad
I can’t wait for socialist Norway to collapse.,fear
Woah Dude!!! I would be freaking out,sad
PARENTS: VACCINATE YOUR FUCKING KIDS OR THE NEXT NAP THEY TAKE WILL BE IN A COFFIN OMFG,anger
Just shut up dude,anger
"Just because you lack critical thinking and reading skills doesnt mean i am a moron, it means you need to learn how to think for yourself.",anger
That goddamn wink slayed me. Swoon so hard...,anger
That face in 0:18. That's the face of happiness,happy
Oh fuck. Is that legal?,sad
And pizza. Don't forget pizza. The roof of my mouth feels like a battlefield after I have eaten a hot pizza.,happy
Omg its hannibal cooper,sad
*aggressively tells friend I love them*,anger
"That's really sad to hear, I can't imagine. I'm wishing the best for you",neutral
"Man, this analogy is frighteningly spot on. Makes me sad for the province.",neutral
“It’s different because I deserve it.” These same assholes in rural areas.,anger
Hell yeah. I'm really just thinking about the irony and double standard of the Left. It's amazing that these people are that cognitive dissonant.,fear
Wow. A relevant and amusing Garfield comic.,sad
Reading this made me clutch my nipples in pain,neutral
i just don’t think we are aggressive 100% of the time,anger
I'm so glad you weren't physically hurt,happy
Of course! It's all good buddy! Pretty cool if that's really you!,fear
"[NAME]: ""WTF, it's just a prank bro!""",anger
Go for it. I could use the excitement.,fear
My wife with BPD hasn't even kissed me in over a year. Get used to it if you're sticking around.,neutral
No. Going to a competitive high school was harder and more stressful than all my adult endeavors combined.,neutral
I fucking hate [NAME],anger
The first comment wasn't but when you not wanted you should just fuck off,anger
Sadly that's probably the worst game I've ever seen [NAME] play.,neutral
I think this is the first time I’ve ever seen this joke.,sad
Ahhhh That's rich.,fear
That's really interesting. How come?,fear
And those poor kids are still paying for it. And we have actual grown adults that are bullying them even today.,neutral
Nice! I’m glad you liked it. Have fun exploring :),happy
One million points for Slytherin!,happy
I CAN DOWNLOAD ADS BUT NOT THE THING ITSELF FFS,anger
"""We lost good people on both sides""",neutral
Oh this belongs here,sad
He literally laid in pain on the ground after the fight longer than the loser did,neutral
Excited for season 3 too. Winter is getting too cold,fear
"Ohhhhh man, too real. I spent way too many years with full on raccoon eyes and just accepting that's what makeup was.",sad
"Thank you so much for this link, watching [NAME] was an absolute delight! ",happy
I accidentally swiped. I don't have time right now I swiped for ego and got it so I don't actually want to talk to anyone.,anger
ITS TO THE POINT WHERE I LOVE AND I HATE YOU,anger
LOL at the tldr. What a crazy story. I'm glad the writer got some friendly new relatives out of it.,happy
The person next to you has a high chance of having candy or something cool packed in there so it would be nice to have variety,fear
He can do a balloon party with his brony friends,happy
Can you imagine the amount of backlash she’d get if it was ANOTHER [NAME] collab? Omg.,sad
"""it doesn't count if you're drunk""? Wow.. Imagine that being used as an excuse in other situations.",fear
Sucks that [NAME] won't get to play [NAME],anger
Yes my man,happy
The nfl has been the outcome of ref interpretation and flag throwing for years. Why are we surprised this continues?,sad
[NAME] is a guest speaker in one of my classes this semester. Can’t wait.,fear
Wonder if the balls are deflated... that worked well against the colts last time.,sad
"Some fragile egos seem very upset at the ad. womp, womp.",neutral
This made me smile. I watched it on YouTube.,happy
You are a unique woman. Happy for you that you found someone who suits you so well.,happy
I love those possum dives!,happy
"35k? That's just crazy. Mine was less than 2k, and that includes the wedding dress.",sad
Sounds like a fun game. Our home game around here is .05/.10. Its fun but not very exciting.,fear
I know many bf who would be excited for that,fear
[NAME] dude I’m sorry. That’s their problem now. Bump some [NAME] and keep moving forward.,neutral
"I'm happy that you got the [NAME] back, some people just don't have respect for others and think that they and their kids deserve everything",happy
"You called me a troll and a liar and you're surprised that I sound ""antagonist and confrontational""? Wow, you're impressive. Good talk.",sad
BURN IT DOWN,anger
YES! Here's to us HAPAs!,fear
In my few years playing I never knew this ... I feel so lost now,neutral
I saw your missing post and hoped you found your baby! I'm sorry for your heartache,neutral
Fuck me daddy,anger
YUP. I’ve been healthier since the new year FINALLY smh,happy
Steven universe is a kid’s show that is also aimed at adults. A very intense 1 hot episode aired last night and people are excited.,fear
I’m sorry to hear this. Live a hell of a life for your mate,neutral
Conservatives now hate dancing... anybody surprised?,sad
I just want to die. I don't want to keep trying.,neutral
That was fun.,happy
OMG. How have a I never heard this before? Absolutely dying. You can tell [NAME] just lost it off mic. 🤣,sad
I would pay good coin to read that love story.,fear
From my point of view the freefolk are evil,anger
Damn who is [NAME] pissed at?,anger
I still can't believe those guys got nominated.,sad
"Man I remember playing street hockey at desert breeze growing up, good times",happy
yeah but FUCK devil roar. I swear a volcano happens every single time I step on land there,anger
"Wow, whereabouts in Croydon are you it wasn't this bad where I am! ",sad
Happy Birthday [NAME]!,fear
I'd be happy with a Goff win too. And you can't hate Brees. Rams vs. Chargers would be perfect. final score 72-70.,happy
That's still crazy to me as it's the same price online and in store here. We just have a flat rate.,fear
"I don't find it awkward, it's relaxing and I want to enjoy having some else wash and cut my hair.",happy
i wonder how people who are in college/undergrad who are in stable relationships do it.,sad
Hang on so Im not allowed to stroke your dog? Thats sad.,neutral
"It's not like the picture looks bad. Wait, no, I take that back immediately. I can't unsee it now too.",neutral
I feel left out... I never get invited to our new world order meetings with our elders of zion,neutral
3:32 excuse me what the fuck.,anger
Probably. Wouldn't be surprised if our current generation essentially lives forever...or well until something like climate change puts a stop to it.,sad
Ahahaha I’m enjoying your troll. Seriously remember commenting on it like a year ago. Hilarious people are still trying to correct you.,happy
Why is this not 5x5? It hurts my eyes...,neutral
I don’t get it :(,neutral
"Oh sorry. To clarify, I was wondering if I should mention that I am more than willing to help her if need be.",sad
I like that they have a red light camera there to combat the red light runners. You can see it flash twice at 0:48.,happy
Happy new year /r/newyorkmets. Everyone in this community makes this place feel seriously special. Let's go win a world series in 2019.,happy
ya shes stressed out alot. oh ok. thanks for the advice.,neutral
Not available in my country. Can't believe this has to be a thing in the modern age.,sad
A little girl recently died because her parents refused to get her medical treatment and insisted [NAME] would heal her.,neutral
Stop all the bullshit. Keep AB. Pick one.,anger
What a confession! Unbelievable!,sad
I don’t know man I feel like this goal is just a combination of unluckiness,neutral
Also known as the song ice cream trucks play. I was wondering why it sounded so familiar!,sad
Problem is as soon as someone criticises Israel they jump up and down and scream anti semitism,anger
Funny how it do,happy
"I'm surprised they play the national anthem at derby bouts there, been to many bouts in Minnesota and haven't once heard the national anthem performed.",sad
Congratulations! It's an amazing feeling isn't it! 😍,fear
Tell him congrats. And that he srsly needs to work on his bunting; it's just painful to watch.,neutral
"Wow, a Walmart Truck Stop. I think that would be outstanding! They should do that everywhere, I mean they already have the land.",fear
"It’s so hard to be a mommy! Chasing kiddos. Work, work, work!!! ",neutral
Sorry but this is too rad to be cringe for me. This is like if [NAME] was a general.,neutral
[NAME] thats real? I'm so glad i unsubbed from pics,happy
Happy birthday 🎂!!,fear
Suck really hard and hope it ends soon? And don't swallow!!! Bleck - sex is so much better with a woman.,anger
"It's rape after they've both consented? You're what's wrong with society today, try to be less of a dipshit going forward.",anger
Can [NAME] just shut up and appreciate her dog?,anger
DON'T TELL ME HOW TO LIVE MY LIFE.,anger
No need to apologize. It definitely put things in perspective. I’m just glad your DD ended up ok.,happy
Not unexpected this election was gonna be a brawl between him and [NAME] from the start.,sad
Same. Glad it's not just out store.,happy
I'm so sorry! I hope you are doing better!,neutral
Ohhhhh that couple!,sad
Im glad to hear it !!!,happy
I miss him so much during the NCAA tournament.,neutral
"Honestly, this has got to be the most reckless way to bully and harass a kid. Kids have a tendency to grow to their expectations",anger
Unbelievable! Here. Have your iPad back. Not interested in being treated like a criminal. I’ll write home with pen and paper,sad
"That's true, but I was surprised to find absolutely ZERO information about a person who , presumably, has quite a bit of power and influence.",sad
I'm going to Rome for a second date. The joys of Bumbling while back home for Christmas and meeting another emigrant.,fear
It bothers me that he doesn’t respond to your texts. That’s weird,neutral
"[NAME]? Yeah, that one hurts.",neutral
I'm literally in tears right now. Everything you said is true oh my godddddddddddddd.,neutral
What the hell,anger
"Sorry, I swapped back to Canada unclearly, to respond to the comments about it.",neutral
Rusty you the bomb! I'm okish now but just knowing you are out there makes me smile! Cheers! xoxo,happy
I’m jealous.,anger
"This is just sad. So, so sad.",neutral
Wow! You've put my relationship in words I couldn't think of.,sad
Damn I didn't realize we just locked up the season series against the jets. That's good to see.,happy
"I WILL NOT OBEY THAT ORDER, GENERAL! ",anger
"Omg, there is a wallet made out of a dead squirrel on that sub! *SUBSCRIBED*",sad
Happy New year!,happy
my [NAME] this is just *yes*,fear
That LOD is a moron,anger
This isn’t a “someone” this is a company.,anger
Happy Cake day.,happy
i hate that it's over an interstate bridge so people traveling from the west from other states have to look at it edit* because it's fucking corny,anger
5 hours late!!!!!!!!! omg.,sad
Wow i didn't really expect both the explosion and him to live,sad
"Wow, your posting history is a real... interesting ride.",sad
By far the coolest thing I've seen on this thread yet,happy
oh Ye crazy again for 2019 huh,fear
LOL. Glad you noticed.,happy
He did tell me we would play catch when he returned so I am excited about that,fear
Went on a trip to the Austin area. This park is nice if you haven’t been there. Subscribe if you can. Enjoy,happy
🤷🏻‍♀️ As a wise man once said: he was a bastard in life thus a bastard in death ,anger
They didn’t even respond to my email so I don’t think it’s gonna work,neutral
Gaaahhh. That one would hurt.,neutral
"come on, Redwings won, Knights need to win. give me another 2-fer, baby!",happy
"I, too, am a lot of fun at parties. We can stand together in the corner! ",happy
This guy should go to HELL,anger
And suck this guy off at the same time,anger
Awesome! I'm really excited. Are you there too?,fear
"Haha, glad someone was able to point you in the right direction then ",happy
What the actual heck.... Like I just don't....I cannot,sad
"The social cohesion after brexit is going to be super cool too, everyone with flags on the windows.",fear
I legitimately want to brutally murder this person for saying that about us autistics,anger
It's always nice to tell someone a pleasant story before they go to sleep.,happy
This is horrible,anger
He was in a state of shock lol,sad
The fuck?! You're in the wrong subreddit with this regressive bullshit victim blaming.,anger
So glad I moved here.,happy
That sounds kinda crazy. I bet you voted for [NAME],fear
DuDE -- I aLMOst HAd yoU!!,fear
The emoji at the end just made me want to slap her,anger
[NAME] GIVES BARRIERS NOT SHIELDS. LUCIO BARRIERS GIVE ULTS. HAMMOND BARRIERS DONT GIVE,anger
Well this all started Wednesday. But I’ve been unhappy with my life for weeks now,neutral
Yeha he failed to qualify unfortnatwly.,neutral
Glad your nights going well guys,happy
Cray to the crazy,happy
I like to be scared actually!,happy
"Whoa whoa whoa, dont go firing him into the rest of us. He is your alien being",sad
I love flying out of Midway because I feel like I have never waited more than 10 minutes for security. I love the lines at Midway.,happy
Just throw them into a pool of needles. That'll teach them not to steal ever again.,anger
muh racist history! its all gone! no one will ever know about my slavery and being a traitorous vermin! help meh!,neutral
That is so sad. So your sisters got to ruin their bodies and forego a career? Yikes.,neutral
Woah nice. Did you enjoy it or was it a completionist pain? I wish I could get into [NAME] but I just dont find the fun.,sad
I regret this post so hard so much debate and anger lol,anger
Couldn't have said it better. Just did the same over my winter break and really got to know myself a lot better. Cheers to the new year!,happy
I miss rock fest 😔,neutral
"Oh, the irony,.",sad
I can see that! Let's say that I'm less enthused by that idea now than I was after Mania last year...,fear
I was having a good day. We were ALL having a good day.,happy
"It's 57% upvoted, which pretty much means most people hate it. ",anger
Omg. This is just the best ever. 💜💜💜,sad
Good luck to you! Cheers to a new year! 👍🏼,happy
"OK sweaty, have fun in ur collapsing Union while I'm restoring the Empire xoxx",happy
“How dare you use your breasts for their biological function instead of my enjoyment!”,anger
"Apologies, that distinction always slips my mind lol",neutral
I think: Congrats! That baby will now have loving parents,happy
"[NAME], that fucking sucks.",anger
... This is a stupid idea. One of the first things caught will be a wiki quote.,anger
I thought you only get to be a wizard after you're 30yo and still virgin,sad
[NAME] was such a fun weapon,happy
thanks i hate her,anger
I feel a tad lost without it now that my drive for football has vanished and basketball and hockey simmer one. The show's every night after all.,neutral
excuse me what the *fuck* was that,anger
"I enjoyed hardcore mode much, much more than regular mode in BF4. More realistic",happy
Wow.. must have missed this. This is really fucked up if true!,sad
Not defending [NAME] at all but this is just super sad if it’s true...,neutral
"Ahhh okay my bad I misread your comment, I thought you meant we’d be trading him if he plays poorly ",neutral
That guy with the orange jacket looks so distraught. Feels bad man.,neutral
"I’M NOT ALLOWED TO EAT THE SKIN, DEE! I’M NOT ALLOWEDDDDD!",anger
that made me feel bad for nw,neutral
That will have to be MY cake then!,fear
No youre a cunt,anger
I always cry when [NAME] is on screen.,neutral
"Alright dude just fuck off ok, it's not the funniest thing on the internet but it did make me smile so in conclusion fuck you",anger
Wow this made my forehead hurt it was so cringey. I love it.,sad
>This weird exploding ice [NAME] I haven't seen before? Wow. I... that's some ick right there.,sad
Welcome to the depressed group,neutral
Thanks! We had fun.,happy
We did it chief,happy
It’s sexual harassment because it was done with a sexual mindset. It’s not that hard to understand.,anger
I hope you survive this. Losing a friend is a heavy loss,neutral
"People are still playing bf1?Wow thats nice,I should play some games until more content drops for bf5.",sad
"Oh ya, that’s [NAME]!",fear
Exactly! Someone think of the billionaires! Sometimes I pretend I’m one and it’s really fun :),happy
It's disgusting how good our teams have been both years until december happens. It's usually started by injuries too.,neutral
>The ABC’s hard-hitting investigation :/ Such a sad article.,neutral
I got sort of excited and really was hoping it was [NAME]. Obviously it's not.... so yey... mystero.,fear
"Fuck it, maybe the faceless men worship the great other AND assassinated the fire warlocks in valyria, hwo knows?",anger
> so much misinformation > No hazing or violence tolerated whatsoever Lmao wut,anger
Happy birthday!! Lots of love and hugs from a stranger in Hanoi 🤗🤗,fear
This is why im happy [NAME] is our owner. I don’t see him being a cheapskate,happy
I've finally found my people who know the struggle.,happy
Because it's so ridiculously stupid people just can't help themselves.,anger
Wow. Instant retirement money...,sad
Sad but exciting to see him in a place where he might perform well. Hopefully he stays injury free.,neutral
Imagine my shock... but he does seem very representative of the left.,sad
She's a pro-Assad piece of shit.,anger
That's unfortunate for you.,neutral
Horribly fake. People on that thread are stupid and gullible.,anger
Fuuuuuuuuuck that.,anger
"I made my own sauce for chicken dishes this week, I am happy, LGD",happy
"Ouch, that hurts, would've won without the injury",neutral
Not gonna lie I’m pretty out of it for New Years so I probably knew-jerked more than necessary. Happy New Years my man!,fear
Ooooh that was a missed opportunity,neutral
This is the same woman who fought tooth and nail to have wrongful convictions upheld while she was a prosecutor; she craves tyranny.,anger
Seriously. I had 2 jobs and was in college. I sleep more now!,happy
The stupid is real,anger
Surprisingly it wasn’t a [NAME],sad
Wow really? I would think that UK bases would be the last place we'd have protests at.,sad
Enjoy you Salad,happy
You miss the sidewalk wing massacres as well I'd bet,neutral
My mom signed me up when I was 15. Wow that was a fun weekend. /s,happy
"That's just sad and depressing. Was the race closing before she finished? Well, at least she did it.",neutral
"Dude, I'm happy for you. Keep going, you're doing great!",happy
>a fun activity!!! At no point in my TBM life would I have found that fun or worthy of even one exclamation.,happy
"Damn, even here in CA the gun haters almost invariably exempt law enforcement from their crusade.",anger
"Man, I kinda feel bad for dude, hopefully everything went smoothly past that",neutral
Too bad it's the wrong kind of blows!!!,neutral
I'm also enjoying it I like mixing the colors the most.,happy
I’m constantly surprised that [NAME] doesn’t hate her.,sad
[NAME] so much hate.,anger
That's pretty much what you signed up for when you had kids.,happy
"Turns out, that daddys little girl is a thot, who also takes drugs. No wonder she fled her country.",neutral
Damn straight.,anger
I find this sooooo strange,sad
"I worry about throwing draft picks around, but a guy like that is worth it IMO.",neutral
"Honestly, I respect [NAME] for doing what he felt was best for business. [NAME] can go fuck himself.",anger
"Debunked as in proven wrong. Again, he is a well known fool. Do yourself a favor and never take anything he says remotely seriously. ",anger
"Serious on the vacation time, I haven't seen some government workers doing anything for weeks now!",anger
Glad you're at least out of bed. Progress!,happy
"Like and smash that subscribe button, I'll see you in the next video for my best v-bucks giveaway yet",fear
I'm kinda the opposite. I always look dour and sad even when I'm not...,neutral
"They hated [NAME] since the beginning of [RELIGION], they treated them like animals",anger
"Sadly, I don't even think its that the Chargers aren't prepared its that the Patriots are good at game prep.",neutral
"Yes, which is why I hate the term ""ranked choice voting"".",anger
"You know I never thought I'd celebrate someone's death, but once she goes I'm going to have to try very hard to not enjoy it...",neutral
I don't think you've ever seen the dsm. If you knowingly do something stupid you don't deserve anything but what you get,anger
"They were not really messing around, just more frustrated. They genuinely were trying to move specialists around to get the best out of people.",anger
I remember that one. It was so painful to watch,neutral
"Important part of this, surprising it's not there. ",sad
"Brother, I am in tears, [NAME], I wish I had been there. ",neutral
An angry old person yelling at a retail worker will never listen to reason.,anger
£10 for copy pasting a wall of text from /r/gamerghazi? Why would I want to do that.,anger
why are other dashers such [NAME] 🤣who made y’all so upset,neutral
> busy blasting stuff with plasma Sound like more fun.,happy
Don't use autism as an excuse to be an asshole,anger
Missing this roster 😢😢😢,neutral
I’m not sure even know sits a fucking painter’s tool. I hate everything about everyone in this video.,anger
happy cake day!,happy
Oh no! Poor dude!,neutral
"Omg, the kitty bites the knee and then looks at the human to gauge reaction.",sad
I’m fine with that. I’m happy to be banned from subs like that.,happy
Idiots gonna idiot.,anger
Happy belated cakeday.,happy
Yay I feel so uplifted!!!,fear
"It would hilarious, but also kind of sad.",neutral
I'm so happy this whole group of lines was poster. It made my day...,happy
That sounds wonderful.,happy
I mean… yeah? So glad to be at that age where the conversation would be more uncomfortable for them than for me.,happy
Aw here goes!,fear
"Oh wow- some truly have crazy different genetics. I’m glad you got her a friend, I’m sure it helps immensely. ",happy
"Wow, is it March 24th, 2018 already?",sad
"Oh look, it's alive. Who here secretly fed it?",sad
"Oh wow, hate that. ",anger
This one is hitting people that knew him hard. He was such a happy guy all the time. Hopefully they catch the bastard soon.,happy
"hey, that's me. Glad i'm done with the class, so much work",happy
Omg! There's one in every family. And every classroom.,sad
This just oozes passive-agressiveness. I love it!,happy
Felt like yesterday when they got married in that barn/bar/bistro. Truly the halcyon days.,happy
"I’d kind of be kind of shocked if Chili wants us to hit mostly ground balls, especially with how hard the shifts are nowadays. ",sad
"The last thing I want on my team are former Eagles players. Fuck that team, the organization, and the shitty fanbase ",anger
Well that’s sad. It might’ve been funny if it was fake.,neutral
It's none of your business. Stay out of it.,anger
"I hope you’re doing well with RCIA! So sorry for your loss. Praying for you, your family, and your daughter ♥️",neutral
Haha I can drink to that! Cheers man!,happy
I wish they didn’t hate [NAME] so much. Feels bad to play her.,neutral
If Android: YouTube Vanced is your new best friend. If IOS: sorry lol get a real phone,fear
Hahaha thanks for sharing that is simply amazing. You probably gave the buyer a good laugh too.,happy
Kinda sad to laugh at people who really need serious help.,neutral
"Sorry man, I have no idea either! ",neutral
im glad they have it but this should have really been introduced in DMC3,happy
"Dig up, stupid! ",anger
I wonder if this is why the universe keeps expanding. Because we're constantly filling it up with new words and new sentences.,sad
Omg the face,sad
Very happy with this !,happy
"Believe it or not, but I saw that he's a college instructor now",sad
"DoorDash can deliver my White Castle's at 3am, that makes me happy",happy
Ay just like my life *whips whilst sobbing,neutral
Are you surprised. He doesn’t do anything with himself,sad
I hate this and I love you for sharing it,anger
"Thanks. I'm still sad till this day. But whatever happens, I'm at peace with his decision.",neutral
Yeah keep filming your kid kicking a dog in the face. I'm suprised this isn't on r/funny,sad
"I wasn’t a fan of theirs on the show, but I am very happy for them both and wish them the best of luck in life ",happy
And shockz isn’t? And he wouldn’t be too much of a threat for... fuck I forgot who’s on rec honestly,sad
Yeah I'm glad he got caught. What a piece of crap.well at least he won't be a virgin in jail anymore haha,happy
That’s a real article ? Oh [NAME]...,sad
"me: haha im an incel. rApE sHoUlD bE lEgAl! wOmEn ArE iNcApAbLe Of ThInKiNg greaseball who stares at my chest on the bus: Well, actually...",anger
Haha that literally made me laugh out loud OMG I'm still dying. Take this upvote man. Well deserved,happy
Ladies and Gentlemen........We got him,happy
Why hasn't he been made GM yet???,anger
"Wow, well I think that game just aged me 5 years...",sad
Boiled peanuts are my happy food.,happy
Surprises me how a dude that let his keyboard get to this point even cares enough to clip his nails in the first place.,sad
Somebody has got to be a parent lol,happy
They’re all nothing but a pack of liers and should all be thrown in jail,anger
"You're definitly an asshole, or a troll. Maybe both.",anger
Fingerprints not [NAME] or [NAME] red is [NAME] don’t just make things up now that is sad !,neutral
I read it on NRK as well. Brought tears to my eyes.,neutral
Breathing out like a dragon keeps me from gagging when i brush the back of my tongue,neutral
Just rubbish.,anger
I feel so bad anytime I see anyone fall on their face... I just want to make sure they are ok.,neutral
Gotta love trailing for 59+ minutes,happy
Stotts raising Nurk's usage rate is making me a happy fan,happy
"Actually made me feel worse. Kids are always back there, death would have been guaranteed had they any.",neutral
I actually really like it the way it is now! The pink sky with only a few clouds is different and very cool.,happy
Did not expect it to work with a body on it..,sad
"> Woo that sadness out Welp, never gonna be able to have a night out on the town again without this coming up",neutral
True. I just always enjoyed the atmosphere of that place. And a couple of the sandwiches weren't bad at all.,happy
Yup. How sad is it to admit I'm jealous of the ravens run game and defense 😣,neutral
"Omg, the hands touch the chicken, go off screen and then touch the salt. My mind is contaminated with Salmonella. ",sad
That's unfortunate but can't blame that lawyer for doing his job.,neutral
Thats beyond shockingly bad. A new level of terrible. Wow...,sad
Enjoying it. It makes shaving my head easier.,happy
Should of just stabbed her up tbh why let someone steal from you,anger
"Damn, he sold all out for that kick",anger
Things did not go well on Eros Station...,neutral
#QUIT HURTING THE BIRDS,neutral
Ah the high life. Must be sweet.,happy
I could drive my fucking van through there!,anger
"[NAME], [NAME], [NAME], prime [NAME] + [NAME] was fun. ",happy
Happy new year to you too! :>,fear
"No, it would not. How the hell is that evidence that [NAME] didn't commit the crime?",anger
That definitely hurt,neutral
I’m happy he made it and not [NAME],happy
Struggling to find :(,neutral
Fuck yea!,anger
I'm sorry I imagine that was devastating.,neutral
"My parents died. I wish they were someplace warm that I could visit them with their grandchild, and they could visit too.",neutral
Yeah how dare the puck not magnetize to [NAME] stick. Not his fault at all.,anger
don’t curse mmeEEEE !,anger
") /sorry, the Excel formula part of my brain was driving me insane.",neutral
"I thought the army would be like the top image. ""Then why the fuck did you sign up as a [NAME] OP""",anger
"A joke is subjective pal, second of all you need to mature/grow up and get a taste of the real world before giving your political opinions.",happy
Damn. Didn't know [NAME] was still making videos.,sad
That such a sad flop [NAME],neutral
"Congratulations puppy, here have some cake.",fear
Glad [NAME] found some love in his life,fear
Never said that. Not once. Punishment isn’t slavery. Unless you’d rather just kill lawbreakers,anger
The shocking conclusion.,sad
Then getting irrationally angry when they don’t see it your way.,anger
Your belief is literally killing children,anger
"enjoy that vodka, [NAME]",happy
Indifferent before leaving. Indifferent after. Although hasidic [NAME] are fucking mental.,anger
"I love playing [NAME] against everyone. Main fire for 2 seconds, alt fire in the head, 100🔥 ",fear
"You know, ive always wondered how a car could get in a position like that",sad
Yet here you are mad about [NAME] being apathetic.,anger
Hahah you right. Please don't tell any birds!,happy
Your passion for [NAME] literally put a big smile on my face. Stay wavy!,happy
Amazing work!. I truly enjoyed reading this and read like a page directly from the book.,happy
"wow, there really is “somethin” for everyone ...",sad
All the game modes are super fun,fear
Or take it further: Try showering with just hot water. You might be surprised at how clean you get.,sad
Huh. That’s kind of crazy.,fear
Cordovan in the mech with the loudspeaker really makes me smile. It is just so bonkers. I love it.,happy
B-But big pharma is great! Vaccines everyone! Vaccines! We love big pharma! They never lie! Come on start circlejerking!,fear
Those are female toes. Busted!,anger
I think it should be a felony. Kind of crazy that illegally entering a country is such a minimal offense.,anger
"These stupid fucking cunts don’t even use “shade” correctly, [NAME] would toss them off the pier.",anger
I wonder how [NAME] prepares his food.,sad
"I have this in my waiting list, I can't wait to see it. ",fear
Wow. He might actually lose Iowa,sad
So I've just read your whole post. Wow. Your mum is a piece of work.,sad
Guys a complete troll who has no idea about cancer or the physical pain it can cause. Move on and don’t give the cunt the satisfaction.,neutral
"I’m so glad you had a lovely time! And you gave so many other people a good experience, too!",happy
I came here just to bask in this thread. Yesterday was wonderful....it was just wonderful.,fear
cool cool...,happy
"So, the cops raided my favorite massage parlor today.",neutral
I'm surprised she could operate a suitcase.,sad
Even that game winning kick was close. Our kickers are cursed.,neutral
I can’t wait!!!,fear
Shit's going down in Zim. 6 people killed yesterday by army and over 200 arrested.,neutral
It was less painful than a bee sting! I felt so silly afterwards!,neutral
I'm so sorry. Read about you getting kicked out at home. That must be devastating,neutral
Apple can still go kindly fuck itself tho,anger
Damned straight.,anger
Lets fuckin do this,fear
Wow... Mid 2000's this would of been a way better follow up to Space Jam and probably just as if not more popular.,fear
"It's been deleted, we can't even see what it was now (unfortunately). ",neutral
My [NAME] this Administration is somewhere between the mafia and the three stooges,sad
CUE THE MUSIC!!!,happy
I saw this entire movie on YouTube and loved it! But it doesn’t seem to be on YouTube anymore :/,neutral
You also have the option of making it quite unique. Would be a delight to see if you got it!,fear
we got good at breakaways!!,happy
"wow that’s really some hate there. I hated [NAME] in the Office too, but he got okay since the third run",anger
Kill it with fire.,anger
Every time one of our players enter top form they get injured.,neutral
Have a wonderful day.,fear
"Seems fun, wonder how she would have ended up if the ca er was not there",sad
Crowder is terrible... How do you lose that gunfight or not have the common sense to just run away,anger
**GET OUT NORMIES! OUT!**,anger
"Are you located in Wellington? Just interested to see where garage project is available in New Zealand, because i've heard its limited... ",fear
What?! And you’re not a vegetable?! /s,sad
I was in the top 3 on solo and lost solely due to buddy having 2 concussions.,neutral
Maybe? I was def too busy going “ohmygawd motherfucking KING SHARK!?! 🦈 “ to notice,anger
Please no hate it’s my first post bro please,neutral
"Living here. Now my daughters biggest aspiration is to leave this place, and I can’t say I blame her. ",neutral
>the satisfaction of knowing how bent out of shape you're getting What a sad existence.,neutral
as much as I could tolerate - sadly I gave you a view.,neutral
“I am going to be going through a nasty divorce in a few years so I will need the money.” - [NAME],neutral
That logo looks cool in the morning lol almost cyperpunk,happy
You die > mom will be sad,neutral
Love the new intro song.,happy
I’ll be there later this year. Can’t wait.,fear
Thanks boss. Finally got a sibling for the Glock!,fear
Sakura drops & Goodbye happiness,happy
"Kinda surprised he listed [NAME] and [NAME] in particular, but not [NAME]. I guess this is the Leafs spotlight working in real time here.",sad
Wonder how the iPhones working out,sad
"Watching girly tv shows. Stuff like gossip girl, pretty little liars, and gilmore girls are all a guilty pleasure",happy
Hey its me [NAME],fear
"I would not be that mad though. Just disappointed. I am angry at people like you, not the show in itself.",anger
"Cheers, [NAME]!",happy
I would be surprised if she's doesn't have at least 1 kid,sad
This hurts me more than the fan meme.,neutral
omg ;; my boy heavy,sad
I'd also report to the post office... and next time these nasty neighbors come-give them the number to call and complain.,anger
Great! Can't wait :),fear
Tbh as a [NAME] this sort of news make me happy.,happy
You sound fun at parties,happy
But also: fuck the daily mail,anger
Okay. The wall that he's mentioning. What wall would that be? ***on the border?? Oh my! Big surprise***,sad
Bee happy! ' v'),happy
I see a 14 day old reddit account angry at liberals.,anger
Wow. Yes. But here I am. On my phone. Responding.,sad
I hope. Sirens got me excited,fear
Holy shit I’m stupid,anger
I didn't know [NAME] was in a j rock band,sad
Alarming! 🥀🥀🥀 🚓🍩🚓🍩🚓,sad
I think it may be interesting if the public could vote for films.,fear
I fucking love this GIF so much.,happy
Happy to hear that :). Where are you from btw?,fear
In this day and age I’m actually surprised at how many hotels haven’t sorted plugs by the beds yet,sad
Oh wow this is big. Thanks for the heads up. Indeed! So many great memories that I still like to reflect back on. Thanks!,happy
I'm still so sad we never got to see [NAME] witnessing his miracle baby's first steps. ☹️,neutral
Happy cake day to you too!,fear
That's perfectly fine. I'm sorry if I offended you in any way. Have a nice day.,neutral
you never wanna hear that but sadly people will say they love you when what they really mean is you are convenient.,neutral
"Wow, essential oils can now replace oxygen",sad
Oh hi [NAME],fear
This is the day we've been waiting for! WWOOOOOOOOOOOO!!!!!!,fear
"Wow you found the answer, wish you were on top, will link to you in my post",sad
"Wow, that would have been messy.",fear
These leaks are actually very credible. It's sad that you guys let Hate and anger blind you from enjoying the experience.,neutral
I'm surprised everyone seems to think there will be a season 2.,sad
"Sorry to hear that, mate. Please get some professional help. ",neutral
"I will have nothing to do with this specter, who selectively appears to individuals and abandons others. No better than a cruel warlord.",anger
"that sucks, good luck next time!",anger
good to hear my man!,happy
*snerk* People like this kill me. Idiots.,anger
Wow. Racists are really coming out of the woodwork to excuse and defend racism. How sad.,neutral
??? Where the hell is this article getting it's data from...,anger
"Oh, fuck off. It’s no one’s fault but yours that you think every mention of the word ‘men’ means you specifically. ",anger
Let's do this... 4 game win streak again!,fear
"They didn't actually run any tests to confirm it was even bone, let alone human.",anger
they're shite - disgruntled OCSC fan,anger
I always wondered where it was on ormond. I managed to find the toolbox last week on yamaoka as killer.,sad
In the worst of the anger phase I took up running. It’s hard to stay in that state while your legs are burning that much.,anger
[NAME] path made me hate everything associated with pirates,anger
"Oh [NAME], oh no, no no no",sad
Because I have no self-control and I hate myself.,anger
"So, they want a more profitable split? Surprised they wouldn't go for the Discord store then. Didn't it offer even better a split?",sad
I look cuter in red P’s.,happy
Read in the news yesterday that 3.6 million have lost their insurance since the rump took office. I wonder how many of them died because of it?,sad
[NAME] why would you blow your load on your fucking suit with fur on it,anger
Be ready to Experience Canes Hockey,fear
My barber was thinning my Hair with a new blade and cut my ear. Bled like crazy.,anger
They are probably waiting for his harasser to pull a [NAME]. Filthy men.,anger
"sorry this happened to you. id be sad and angry too if i worked hard on something, and someone took that away",neutral
Also put icecream under the taco for a nice sundae suprise 👍,sad
I like how he wrote many of the TRUE [NAME]. I wonder what a fake [NAME] believes in.,sad
love this! makes me want to go hiking at superstition this weekend.,fear
"She’s just not that into you, that’s what I think. You need to find an HL girlfriend and go have fun. ",happy
😂 Poor kitty.💗 I can hear that howl and see that face! You betrayed her! 😛,neutral
King Gizzard and the Lizard Wizard and Beach House are my two favourite bands.,happy
"I need more videos of this cat, love its face xD",happy
"Lol. Well, I enjoyed our heart to heart either way ",happy
I would be so pissed if I was part of that coaching staff. That was unbelievable.,sad
"Oh gosh, I'm so sorry you had to deal with that. It sounds like you handled it really well. Kids are cruel. ",neutral
This makes me smile,happy
Close game but glad to see we came back in the end,happy
"Wow, I might actually watch this weirdo movie this time. ",sad
I want to clarify that I am NOT scared. I punched the mirror because it looked at me wrong.,anger
it really sucks how absolutely fucked some of us got genetically in the chest department,anger
CONGRATS! So happy for you. May life treat you kindly from now on.,happy
No room. Get lost. I cc u!,anger
You're so cool.,happy
Hello! Happy new years my friend!,happy
Yes no one wants to believe my religion and how to make people happy so it makes me sad,neutral
I am literally dumbstruck. Reality has been brought into question. Top tier YouTube comments though.,sad
"I do that anytime I see something pointy. I'm just like, ""I wonder how it would feel to stab my eye with that.",sad
"I don't know what they say about fools and their money, but I'll gladly pay you to find out ",happy
So. Much. *Effort.* I ca't believe a tree died for this sin.,sad
What a muffin!,fear
All the people who got on at canning bridge station this morning and kept pushing and shoving each other like animals.,anger
"It's strange i don't understand how work reddit, i drop a link when i create a post but it doesn't work",sad
"Such dumbass,I think I'm going to take my dog somewhere else",anger
"Ah yes, my apologies!",neutral
She’s actually crazy,happy
Oh that’s terrifying,sad
Man at this point I'd be happy with just a few non-sweeps.,happy
"Really? Edit: Ah yea, I saw the original one. It still reminds me of Wind Maker.",sad
Sucks to suck,anger
Yes! He’s back LOOCH!,fear
"I like to believe he faked his own death, so he can enjoy his many Bitcoin coins and wealth. ",happy
Hooray!! Number 1! Number 1! Number 1! Number 1!,fear
Fuck pancreatic cancer. Kills so many and it barely gets any funding because all the money goes to shit like 'breast cancer awareness'.,anger
Wow holy shit I didn't realize Reddit has become main stream media great analogy bud,sad
"People will stop wanting to punch/jail these people when they stop being ignorant, selfish pricks putting newborn babies at risk.",anger
W crazy game,fear
WOW I love this photo so much! Is this recent?,happy
Haha cheers for the kind words mate,happy
"Now I'm imagining him responding to your dirty talk with an enthusiastic ""yummy!""",fear
Youve missed everything.,neutral
I just get sad when I see people commenting on articles and videos about him that they think he's on drugs.,neutral
what a surprise i never saw coming,sad
"I find it sadly ironic that a man's job is to protect his family, yet if he's alone with his children they question their safety.",neutral
"I just hate the ""I don't know"" people",anger
Get your feet off the table...,anger
I just enjoy feasting off tears ....mmmmm,happy
Just piss off,anger
"Jitter mod SG12 has been a thing for awhile now, it's a wonder you're just now seeing it. ",sad
im glad to know that it's not that likely that I'll be sent immediately. thank you for the kind words :),happy
omg that was full on Tequila [NAME]!!!,sad
This is as subtle as the 2nd choice is the MP telling you to go and fuck yourself.,anger
Yaaaay!!,fear
"i dunno, you commit one little genocide and you never hear the fucking end of it",anger
*Poop hole* Oooohwee!,sad
Nice I am actually going to the game! Awesome I'll get to see him represent.,fear
Exactly! When the mom went to kekeing in [NAME] face to FaceTime with [NAME] in all of 10 minutes my jaw fell to the floor!,sad
Because his reconnaissance is not unique in any way. Literally everyone who saw that movie thought that was surprising.,sad
Fuck this guy,anger
Oh wow! That's literally a game changer for me! I'm about to hit 3 digit hours and I never thought of that. Thanks!,fear
Fuck ya boys let’s go,anger
It’s oddly unsatisfying when someone beats me to saying that.,neutral
ahhhhh no how dare i have morals of course the most important thing is that my favorite football team has a better special teams coordinator,happy
"Wow, you weren't instantly downvoted hundreds of times. The omniscum must have had a salad once and got a protein deficancy.",sad
" a thing, and I’ve had my share of Whistle Pig Pie. I hate me ",anger
Wow. Imagine being this stupid. Life must be so hard for you.,sad
[NAME] will be great. But I will definately miss if she's not there.,neutral
"I FFed it too and reading that comment, I am sooooooooo glad I did!",happy
"I'm sorry, but this has also caught my attention and I kinda want to see this screenplay.",neutral
I love Wayfair! Just started using them and am impressed. Sounds like UPS sucks. Enjoy your couches! Haha,happy
How much time you got? I enjoy *The Spirit of Redemption* but it's a bit long.,happy
Oh [NAME]... now you’re stealing my lines.,sad
This is fantastic and I'm happy for her!,happy
"Happy birthday, [NAME]! Hope you have a wonderful day!",happy
this literally made me sick to my stomach,neutral
My liver CRIES watching these kids. Weeps into a warm cup of steamed milk.,neutral
"Man, fuck that shit. He lost us the Sonics, he has no business running for public office.",anger
"“[NAME], have we got an offer for you!”",fear
"Wow, that sounds like it could be great.",sad
I'm honestly shocked that the Bucks have more subs than us. I was surprised the Wolves had more too.,sad
Happy Cake Day you barefoot bitch!,fear
Unemployment was also significantly higher at the end of Old Labours tenure than at the beginning. Yet nobody remembers that.,anger
"Me too! And he was so happy to get that out of her back, he seems like he really cares.",happy
People really spend more than $10 in an app game? I mean an actual video game I can understand but that's just...sad,neutral
What an interesting thread you referenced in your response!,fear
you too! And I'm glad to hear you support your daughters rock/fandom love:),happy
I like how the ceremony goes right out the window after he delivers the rings to get all the pets.,happy
"Yes - summer, and I was with my parents who did all the actual work so I just got to relax with the baby! ",happy
So you're a liar.,anger
"Om [NAME], who kets their dog fight a croc? ",sad
Get off my property,anger
Lmfao. Omg I’m dead. Please do more of these somehow,fear
sad that the Euphoric tipbot is no more,neutral
Cuba's great. There's shredded pork everywhere,fear
"Damn, for real? I'm 250 and drink regularly, if I pound two beers in under a minute I'm good for a little while.",sad
"I do not, sorry! I am not talented in the ways of making/editing videos.",neutral
Really? I thought this joke was a bit plane,sad
Seeing him RT rev gave me some hope which hurts worse,neutral
My man!,fear
"Wow, this is bizarre. Well, I agree too. A wealth tax is exactly what we need.",sad
"OHHHHH! THAT ONE! Oh, *[NAME]*... ",sad
Pull that sucker right up to your face,anger
🤣🤣🤣🤣 I’m sorry for your misfortune but it’s still funny too.,neutral
The Netflix documentary about [NAME] absolutely sucks. Don't waste your time.,anger
> What keeps hurting her though? They are getting absolutely crushed by the crowd probably. There's always jackasses trying to push forward.,anger
You'll feel better about yourself if you don't act like an asshole to people who care about you.,anger
Going through the same thing and I feel the same way. Sadness. I hope it'll pass!,neutral
Can you stop living with this person? Engaging in it will only make it more toxic,anger
proper fucking order,anger
This aged poorly,neutral
"BREAKING NEWS, local bartender found chained up in drunks basement!",neutral
I have cried in hotel rooms before thinking about the loss from discovering it is a lie. It's tragic and wonderful at the same time.,neutral
"I love it. This made me smile so much, which is a big change from [NAME] which made me cry and further increase my depression.",neutral
"Sir, you have been warned. You antagonistic attitude will not be tolerated. Please try harder at being a model citizen. Thank you for your cooperation.",anger
"So, bloody stop feeding cattle, nothing even compares to the resource consumption (waste) of the animal industry.",anger
Y so serious,anger
I set the house on fire and almost killed my entire family,neutral
That guy is gonna regret losing you the rest of his life. You know why i know this? Because i am him 30 years ago.,neutral
"It's probably more like when the only tool you have is a hammer, everything looks like a nail. I'm so sick of this paranoia.",neutral
Oh my [NAME]. The hand mixer instead of forks. Shredding poultry is like my least favorite thing on Earth,sad
Haaaaay it’s the NAGR Guy!!!!!,fear
I can’t believe this blatant police brutality,sad
Press fucken charges the moment they use your info.,anger
I would be surprised if [NAME] doesn't let you in. I would write a letter to [NAME] and explain the situation they might make an exception.,sad
This makes me wonder if they fixed [NAME] having a very noticeable gap between her body and legs with her new shorts.,sad
"Yeah he was going like ""YOOOO"" and his boy was like yo chill man tf this aint no club keep yo voice down lmao",happy
That's just sad if it's for a game,neutral
Goodbye cruel world.,neutral
"I used it for a while. It made me way more sociable and generally happier, optimistic Less anxious and stuck up Until it didnt, so enjoy it while it lasts",happy
"Friend of the younger sister of girl who was killed. She told me it was a bad acid trip. Very sad, family is holding a vigil tomorrow night. ",neutral
"[NAME], let's celebrate together, y'all will be the king of New York. Praise Marks.",fear
YOU WIN!,fear
"""Seeeee! We have one of them coloureds too!""",fear
This is so wholesome! I can‘t wait for Animal Crossing Switch! 😍🤩,fear
The judge wasn’t impartial as decided by the appeal court. The judge needs to be schooled.,anger
You die.,anger
My nightmare is having an iphone.,happy
So you'll bleed and be in pain twice that day.,neutral
I am so very sorry that you are dealing with all of this,neutral
This is dumb. Why is Detroit Lions infiltrating here.,sad
I'm sorry for your loss,neutral
Why would anyone forget how dominant he is? Lmao Oh yea we suck.,anger
Let me just say that your posts over the past twelve days have brought me so much joy,happy
"This makes me so happy, having a step parent can be a sensitive thing but you are definitely a good example of what to do, congrats!",happy
Buying Bitcoin at it's peak is the equivalent of people buy Fyre festival tickets. I'm glad I did neither,happy
"Actually feel sorry for her. She has depression and low self esteem, this is not going to make it better.",neutral
"Happy birthday my guy! Hope you have a great day today, tomorrow, and every day after that. You and everyone deserve a good day. 😃",fear
Sending love. I am so sorry you are going through this,neutral
I spent like 6 hours overnight browsing the top posts here when I decided to check it out I hate how much I can relate,anger
"[NAME] FINALLY fournier, [NAME]",fear
"Fuck, my wife and I spent less than a *fifth* of that. Wow. ",anger
"Wow, you must've never been on /pol/ or like dozens of anti [NAME] subreddits.",sad
Enjoy your gold!,happy
I’m blown away by how many people know this.,sad
Omg! An attentive parent actually teaching their children to safely handle guns! The horror!,sad
"oh, what an unlucky woman, that mother of his...",neutral
RemindMe! 6 years,fear
Happy birthday [NAME] !,happy
I bet you’re really fun at parties.,happy
Im glad your out too! Im glad you found joy in camping =),happy
"Oh damn, look at that areshole telling the truth. Get him.",anger
Stop laughing at me.,anger
One my favorite seasons to rewatch. All the glorious fights. [NAME] is forever a queen,happy
I saw 25yr old with 3 kids and a house. How do u think I feel. I'm over 30 and still single.,neutral
"I'm sorry, no. The hostess was 15. I was 24. At the steakhouse, only hostess girls answered phones.",neutral
And? Did i say they didnt? Read the whole thread you bimbo,anger
4! The sweetest year.,happy
Fuck Liberty Counsel. They are a hate group.,anger
i didn't knew your toe can get that flat without breaking the nail in thousand of pieces,sad
Your life must be miserable. That's sad somehow,neutral
Makes me very happy indeed.,happy
"Enjoy a weekend of eating ice cream 100% guilt free. (That's standard practice for wisdom teeth still, right?)",happy
“and THAT’S how you kiss!”,fear
Shocking description of the criminals. Never could have guessed that,sad
"This is so sad. [NAME], play 'bitch lasagna'",neutral
Damn sorry to hear bro. You guys still friends though?,neutral
**WAIT THAT WAS A REAL STORY!?!?!? WHAT THE FUCK**,sad
"True, but I meant he has no holiday themed skin from any of those events and all his skins (volsksya included) are pretty bland sadly...",neutral
A lack of the romantic partner is the stressful situation in my life.,neutral
Go on a group vacation!! Or a concert weekend that’d be fun!,happy
[NAME] did a YT vid and now everyone trying to be like him. Sad!,neutral
Fuck,anger
"Accidentally clip through a bathroom wall, get slapped",neutral
So Green Bay doesn't get him... I'd be sad for the kid.,neutral
"It's already the 2nd here, but happy new years! 🎉",happy
What in the fuck was [NAME] doing there,anger
Is this [NAME]?,sad
"This is like the third repost of this. But yes, very sad indeed.",neutral
"Well, i really can not believe that in 21 century religion can offer solution for all the problems. ",sad
I feel like I'm watching a scene in an action movie but with penguins,sad
"What game do you think that is ? Because that'd be Tetris or Minecraft my dude, not your teenage greasy neckbeard crap. Sorry.",neutral
"Wait, wut? I thought there was some sort of (2) term pledge from",sad
That's a lot of calories!,sad
Ain’t that the truth. August is Hell!!,sad
"Everyone hates guys that talk shit and can't back it up, don't start shit when you suck.",anger
Oop my bad,neutral
Shut up [NAME],anger
Can’t believe we’re letting [NAME] go. So much energy since he’s come on.,sad
Fuck man I didn’t plan on crying in my cube today,anger
That's kind of sad to be honest.,neutral
Finally the UN gets off their ass and does something. So glad she’s finally safe (for now).,happy
"I’m actually not! From USA, sadly. 🙃 Edited to add: unless you didn’t mean me, then I apologize! ",neutral
I'm a guy and it's the same for me! I'm glad I'm not the only one who feels this way. 😊,happy
Making DC climate an unapologetic brutality with blistering dry winds and no snow on a typical day.,anger
Sad... RIP,neutral
I just enjoy using intelligent words...? I left him,happy
I will call the police if you dont stop harassing me,anger
There are racist morons everywhere.,anger
Just got my seats a couple of days ago!,fear
You seem fun,happy
At least I dont care about any of them.,anger
Buddy rocket league fair? I’m play 2 but I play like champion 1 and just get shit teammates 😡,anger
Looking at this hurts my teeth but dot damn those roses look so pretty,neutral
"Oh wow, this is the first I've heard of her aligning with those people. ",sad
Man hope he recovers fast. Looked really painful,neutral
I agree. She seemed to truly love [NAME] . [NAME] loves the life [NAME] provides fir him. It’s a sad situation.,neutral
aha my favorite reply :),happy
Honestly took me by surprised. Good job!,sad
Holy shit that was fucking bad...,anger
The fact this isn't a [NAME] Attorney at Law Gif about this makes me kinda sad.,neutral
How she used the entire video without any editing.... that’s copyright,sad
Damn these refs actually fucking hate us.,anger
And to think all along I was wondering if it was left hand turn day or just me!,sad
[NAME] just put a huge hole in my heart.,neutral
"you are trying to use post-modern mumbo jumbo deconstruction of words. Go away, idiot.",anger
"With the weather we are having, it is a surprise when a battery works.",sad
"Same, I hate myself for finding the last 4 chapters... my heart is devastated.",neutral
"Happiness is not earned, it is a choice that can be made once your basic needs are met.",happy
Now it's cheering for the two to come back,happy
I think they were just doing their job. Reporting what they saw. And yea that was the happiest I have seen [NAME]. Weird.,sad
It was shocking to me when I realized this! Best of luck on your journey!,sad
"FUCK OFF THAT""S A PEN",anger
poor little dude! Glad he's okay. He and his brother have a story to tell now.,neutral
"I don't control the Lib Dems, shockingly.",sad
"This can’t be the end of the back, garbage TV! I’ll miss you!",neutral
LHW is such a barren shithole that I’d be more excited for this than anyone at 205 getting a shot,fear
This sub can be so ridiculously cynical. It's just a pretty picture of a sign!,anger
"Its horrifying to think about getting separated from your family, friends and the culture you were living into somewhere new and unfamiliar just like that",neutral
"So just for the record, I’m with you on the football end: Love the Broncs, hate the Pats. 🏈",anger
"Thanks. And I suppose, but I think I gave up on justice. It’s too late. I just want revenge now.",anger
The orange man angers me and I do not like him.,anger
Shhhhh you are devastating their argument. You might trigger them. It’s the only trigger they love.,anger
I'm glad you're safe - but don't feel sorry for him. He knows what he is doing.,happy
It usually comes out after people catch me dissociating.,neutral
"Forgot he had been sent down and was really confused, but happy about this post.",happy
I hate fags,anger
"Well, my upcoming adverts are going to be interesting!",happy
Imagine thinking like this. I feel kinda bad for them.,neutral
U will hate it shortly,anger
I was AF enlisted too hahaha,happy
"Sorry, I’m just so hungry right now ",neutral
WAIT IS THIS FUCKING LOSS!?!,anger
"I'm here through the week. So far I've met [NAME], French and Haitian people and it's been amazing!",fear
Utter nonsense from yourself.,anger
"If it's Fttn, then not much, maybe worse, because it's still using that shitty old rusted copper running through that same old leaky pit",anger
I’m really glad to read that ex-spouses are friends after. Good for you all!,happy
"Yes!!!! Great weekend. As others have said, I can now enjoy the rest of the playoffs",happy
Fucking hell! I've been out there protesting orange people all this time. I need funding for new signs!,anger
I flew off the handle and that's my bad.,neutral
Talk about a fucking hot take. Quality shit posting from [NAME] (not you [NAME]).,anger
Oh. I never heard that before.,sad
Thats one way to make political and economic instability sound super fun,happy
Hoooo boy am I ready for a masterpiece,fear
I live in Northern Scandinavia now and one of the biggest culture shocks to my American brain was the groups of very young kids just roaming the neighborhood.,sad
"""Holding [NAME] up like baby [NAME] would be a fantastic way to excite a fan base that’s been neglected for years.""",fear
Talk to your grandparents... you will be surprised on how much general knowledge they have to share.,sad
I've gotten injured before in RTTS from being hit (Bruised hand). 3 day DL.,neutral
"I don't need any [NAME]. But if At the Gates actually I made a game, I'd be interested.",fear
That’s good to hear..I’m so worried I’ll be making the wrong choice by leaving my job I hate soon.,happy
Omg lmfao!!,sad
i’m sorry i don’t have the box with me,neutral
"Wow after that [NAME] turnover, I've never turned off a game so fast",sad
I am glad I'm not the only person who noticed that bit of WTFuckery. 🤣,happy
honestly surprised i havent lost power,sad
Cheers for that!,happy
"im not talking about a studio. im talking about *people*. people that you're lying about, because you're an uninformed yet arrogant, entitled child.",anger
Les Collines (Never Leave You) is still a bop. I loved that song and is still awesome in 2019.,happy
I'm surprised no one's talking about the guy in the picture. What a thrussy!,sad
And you know they never grow out of that...I hate people. Myself included.,anger
"i enjoyed this a lot. i especially enjoyed ""Everybody bleeds a little when they brush their teeth """,happy
"Yes, is there any way we can do this? Cos fuck that POS.",anger
"No, just act surprised if anything comes of it. ",sad
I think someone else should open a drive through so I can enjoy the flavours without the dishes aha,happy
This is so infuriating.,anger
These people have absolutely no confidence in their ability to make a living. It’s pathetic.,neutral
"I really enjoyed Fractured But Whole, but I don't remember the meals being significant (it's been like a year). Can you explain?",happy
Was almost hit by some idiot yesterday that drove straight through a red light and into a crossing.,anger
“I’ll never have a playoff mandate” go fuck yourself [NAME],anger
Lol [NAME]. Everyone ignores me. This just sounds like something a child would say. Sad.,neutral
He said i am being rude to her,anger
Holy shit. Amazing response.,fear
It is so crazy to me that people unironcally use “kicks their trash”. I guess they just don’t want to swear.,anger
Holy fucking shit,anger
I just want to be alone in a cabin up north near flagstaff.,neutral
"I do. Am chemist. Stop serving me things that remind me of work, goddamit.",anger
Oh look a player breaking out of a slump against Dallas. Haven't seen this one before,sad
"Wow, sorry, bruh. I didn’t realize we were in the presence of genius. Please elaborate.",sad
Ya done goofed kid. All you had to do was win.,anger
"Nice, Butt Stallion just chilling in the background",happy
Always a pleasure to have our board of directors pay us a little visit.,happy
His Batman/TMNT book is a really fun read with great art.,happy
"IMO, cheaters are only sorry they got caught, not because they betrayed their spouses and had an affair. ",anger
"I'm excited, we're supposed to be getting ours this year. Finally. ",fear
"[NAME] is huge fucking liar, but you seem to like him.",anger
Goddamn it...,anger
It's so sad,neutral
Congrats! How are you feeling about it?,fear
Yes! Im glad you see where he got that n-word take from 😂😂,happy
Oh the joys of Marine Corps boot camp!!,happy
"Other than some wacky pick up orders, the dine-in customers are very sweet at my place. It’s a good thing :)",happy
Grats man. I hit my second live one today coincidentally! Feels good :),happy
I got so high someone from the future stopped me from getting high.,happy
he ded.... and why the fuck these POSs have cellphones in prison.,anger
"All the things you've been thinking about, fangirls, make me sad.",neutral
I usually see tweets like this for girls but it feels nice to have it directed at boys,happy
I’m the most surprised that [NAME] is 35. Seems like just yesterday he was plotting with [NAME] on how to get booze for the party,sad
It's not a murder or a cringe. Just seems like two friends joking around.,happy
And religion isn't displayed on uber page. She saw a brown person and refused to interact with them solely based on race. She's a racist.,anger
"All good man, I don't get the college football hate I see on here, and I hate the big ten disrespect I see everywhere. ",anger
Putting any human on the same level as [NAME] is sacrilegious and you should be ashamed for spreading such blasphemy.,anger
Its fun to draw in an empty space.,happy
The fact that the passenger gives a thumbs up drives me crazy,happy
I knew I'd see him here eventually. I really like his animations. They're cute and funny,happy
What was the name of the neurology podcast? That sounds very interesting!,fear
New Job? [NAME] is pregnant!,fear
really thought he'd hit a bird for the longest time.,sad
A 100years? That's far too long dude. Reminder: ww2 was 73 years ago...,sad
"Surprised, Playtest isn't mentioned. The ending is just god damn!",sad
This is amazing!,fear
"I LOVE [NAME]. I truly do. I will be happy to vote for her, but pointing out clear differences is not negative.",happy
[NAME] damn it,anger
No matter which you pick ([NAME] or [NAME]) the dance and the date scenes were great. It genuinely makes me happy seeing [NAME] happy.,happy
"It's gonna be the next ""live, laugh, love"" with everyone running around talking about if things ""spark joy""",happy
What a pathetic reply. I know we’re all supposed to be nice here but c’mon.,neutral
"I can't believe people are saying [NAME] should have been saved, she knew like 10% of the words",sad
It hurts to snap out of that denial and face the truth your loved ones are dead... I guess.,neutral
"Im color blind, i usually see blue as purple and red as green soo...",neutral
"I have a feeling this is gonna get really crowded, and end up being a shit show with such short notice for everything.",anger
That's really sad. I used to live not far from there and spent a lot of time in that park. Fished in those ponds many times.,neutral
Wow fuk I'm watching that right now,sad
"""Sad"" but ""true"" There you go I fixed it for you.",neutral
"Sad thing is, I wanted to, but I’m stupidly awkward...",neutral
"Maybe he just never wanted to be a head coach and was content with being a defensive coordinator? Either way, I’m excited!",fear
Sonic boom is funny as hell. I love the writing so much.,happy
Get outta here and delete your post cause you're sure gonna look dumb in front of a lot of people other than me.,anger
that's weird... playing Smash Ultimate usually just makes me feel like drinking.,sad
Sadly the minimum wage in Virginia is only $7.25 an hour so that definitely would not be enough.,neutral
And [NAME] just got laughed off the stage. How things would be different if he had won. Seriously timelines would be so different.,happy
"It's also my 40th birthday, so bring a gift! ",fear
"Had a baby before, those movements should be the last of your worries",neutral
Oh my good lord. I just somethinged over his highlight reel.,sad
"Is it just me, or do these children look really uncomfortable around the Duggars? The smiles look forced...",neutral
Quit being racist. They're just being racists.,anger
"What she is doing is child abuse, plain and simple. Fight with everything you have to protect your kids. ",anger
They will be once enough young progressives have replaced the older centrists :) Welcome to the new Democratic Party!,happy
"omg I remember be exactly like this and being so excited, gahhhh I might even believe I’m more excited than you hahahah.",fear
I'm getting old. :/,neutral
They’re well on track to getting that superpower by 2020 slot,fear
"[NAME] living in y’all heads rent free lol. It’s kinda sad ngl. EDIT: Thanks for proving my point, guys 😘😘😘",neutral
"Just like you can't underestimate the capacity for evil, you can't underestimate the capacity for stupidity ",anger
"Apparently a 3 year extension for DACA is what's on offer. No pathway to citizenship. That's gonna be a ""fuck no"" from me, dog. ",anger
I BELIEVE! I am sad that likely no one else will see it besides me...,neutral
"This is such a lame idea. Instead of getting better and outplaying your opponent, you just want to make your opponent worse. Sad.",neutral
"I went through that phase, I was quite depressed. ",neutral
"""Help! It's an educated brown woman! Help meeeeee!""",neutral
ITS MAM!,anger
That's what I was wondering too.,sad
Burn it!,anger
What happened? I can’t stop thinking about this post. Her poor family. Those kids. 😢,neutral
"Lost his legs, what an idiot.",anger
I wonder what would happen if you did the same thing to him.,sad
Right there with you. 20 years together and suddenly its over. I'm tired of crying and hurting. We'll get through this.,neutral
Very sad news for the man. Widespread travel disruption is expected for the evening commute,neutral
What a REPOST! STOP REPOSTING THINGS PEOPLE LITERALLY JUST POSTED.,anger
"Instant fucking turn off, ugh. Fuck us for wanting equality across the spectrum",anger
LETS FUCKING GOOOOO,anger
There's a guy that died after he let a horse do that. He'd probably have survived if he sought medical attention sooner.,neutral
I can’t believe I’m agreeing with [NAME].,sad
> I know I should feel happy why,happy
"Really? I live down the street from there, thanks!!!",sad
well guys it was fun. [NAME] passed up the open three ffs,happy
Omg this.. completely relatable and depressing.. yay for us.,neutral
You commie bastard,anger
Makes me sad I'll never be with a beautiful woman.,neutral
fuck off. let people enjoy what they want to enjoy when it doesn't impact you.,anger
"Oh my, my Japanese course is paying off! Yes that's what I was trying to say 😄",fear
One of the 7 dwarfs is called happy,happy
Wow so you really are pro-abuse huh,sad
"Happy New Year to you, too!",happy
Mine starts sweating and wondering why it’s so hot if the ac is on! 🤣😂,sad
"Omg the etsy side hustle. I have time to do that, and it fulfills me so much",happy
"yeeey [NAME], My purpose has been fulfilled Now I must go",fear
It is sad they didn't have a 4k highspeed camera running on this... I feel like the world lost an amazing possibility,neutral
That sucks I'm sorry. Ive always been dismayed at how flippant people are.,neutral
"RIP [NAME], you were a sweet girl. It's been over 10 years but I still miss you.",neutral
Phoenix sunrises and sunsets have been nice the past week with all the clouds and rain - beautiful shot!,happy
"Well the last sentence reallt hurts, but still I'll do my best to stay with her and keep her happy. I really love this girl",neutral
"Great. So increase prices 20% overall, give the waiters the extra money. I'm happy with that. 20% is a great tip.",happy
That's even worse honestly,anger
"If you ever wondered where ISIS got their method of killing homosexuals, wonder no more. Source: al-Jawab al-Kafi p. 260-263 as Quoted by Islamqa: ",sad
Bad news dude. You're almost 100 years past that.,neutral
[NAME] is letting [NAME] play 3 :0. That is good news.,happy
"[NAME] woke up, it was all a dream, he was really looking forward to King [NAME] visiting Winterfell. They had a good time",happy
I wonder if your mother is proud of the person you became,sad
"_warm and fuzzy feelings..._ Damn it, I'm getting all sentimental again...",neutral
"""A lion never stretches before it hunts."" ... Glad to see he's already on board with Green Bays injury first mindset. ",happy
And so are you!,sad
"*""Wow""*",happy
It'll be the first game of the day!,fear
"I'm from Buenos Aires, and I say kill 'em all!",anger
"""We're sorry, all circuits are busy now due [NAME] lost keys, try your call again""",neutral
You mean 4 of 5 dates for you already this month. Wow - do tell!,fear
same but with cats. Puppies are really high maintenance and make me angry when i have to take care of them.,anger
That poor kid. That is going to cause some issues for them as well down the road.,neutral
"well the irony is that felons are discriminated against, even non violent offenders.",neutral
What? They all like Kingdom Hearts on Oneyplays. They just make fun of how ridiculously stupid the plot is.,anger
"I'm so happy to hear you've recovered. Can I ask: are you able to maintain a healthy, stable romantic relationship?",happy
You’d be surprised how often that works though,sad
I am stunned,sad
"That's really the only standard of your life, whether or not it makes liberals furious? Sad.",neutral
Hell yeah!,fear
Lol I’m sorry that has to be terrible if we were up 19 just to get smothered at the end.,neutral
I'm just glad everything came out okay.,happy
"The children are still being abused, neglected and treated like rubbish. White Australian policy has been horrific and continues to be horrific.",anger
"With the up and coming hit single ""I have a new Daddy every week"".",fear
"Oof, that's rough. :( Sorry that happened to you, mate. ",neutral
An afternoon of Big Cat vs Vol Twitter will be fun,happy
"The fuck? Come from nothing, now something doesn't matter? ",anger
"[NAME], my eyes are hurting from how furiously they're rolling in my sockets right now.",neutral
> and no one but angry community fanboys have pushed back against his statements.,anger
It makes me wonder if Old Money New England families are into their own cousins a bit much.,sad
"Im sorry that I'm only able to give a single upvote for this wonderful, graphic, and accurate visualization.",neutral
OMG I totally forgot about that episode. What a nightmare,sad
You president now?,sad
Gonna get a cheeky nandos with the mandem,fear
I'm sad that you are against abortion. Can I drop my unwanted baby off at your door ?,neutral
Shut up 15 year-old,anger
I'm so glad you got your angel back. Also she is trying to monopolize DHs free time.,happy
I’m surprised alcohol isn’t entirely sold by the state like it is in many states in the East.,sad
"This is heartbreaking. She always meant well, and really wanted to see people get along. She deserved happiness.",neutral
UGH those two championship games - so many highs and lows then the ultimate high @ the end,fear
"Yep, hell of a listener",anger
Really? Cuz hella 18 year olds with bad grades from my high school seemed to do it with ease.,sad
You sure its not just the host quitting which disconnects everybody? Happens all the time and its incredibly frustrating.,anger
Was at the game yesterday and at the game now. It's a miserable gong show. Why do I keep doing this to myself?,neutral
Glad there's someone on here with a little sanity.,happy
You know I asked once and he was livid. But sometimes I wonder.,sad
Shut up nerd,anger
I’d go back to the 1996 season. That’s the last time we were in crazy cold territory.,happy
omg so quirky,sad
"Hey [NAME]! **TRY DRAWING TWO CARDS NOW, YOU STUPID FUCKING BASTARD!!**",anger
" yay!!! Congratulations! You are so pretty, make up is going to look awesome on you! Your hair is beautiful too ^_^",happy
Really surprised I had to come this far down to find this!,sad
Shows you that one must never underestimate the rust caused by ACL injuries,neutral
I got I got I got...,fear
So that's how people get their cars sideways in those crazy pictures. I'd always wondered.,sad
That’s what I suspected. Will be interesting to see if they can steal some wins against the top teams in the league.,fear
VP pick guaranteed - and the pivot will be hilarious,happy
Maybe it's similar to how [NAME] hates cantaloupe.,anger
:( im sorry,neutral
"Oh no, [NAME] baby! WHAT is you doing?",sad
Luckily I don’t like beer so I don’t have to worry about that.. but my love for bread more than makes up for that!,happy
I can’t wait to try the cleric class again!,fear
Glad things came out alright for you...,happy
You took a HUGE risk. He paid....now be ready for payback time!,anger
"My anger, up 50%. ",anger
"[NAME] making moves, as much as I still miss [NAME] I'm excited to see our teams future.",fear
"Thanks, I hate it. They're out now though.",anger
Happy to hear this! Stay strong and continue fighting! We believe in you <3!,happy
What the hell- they're paying for cars they don't and won't ever own?!,anger
Any more comments calling me SWERF for caring about sex workers will be blocked and reported I s2g,anger
"Wait, what? You're a gamer who's never even heard of TB?",sad
You too. Glad to hear your respectful voice again,happy
"I think the saddest thing here is that he thinks ""by-my-self"" is how to write that.",neutral
"Interesting, I’ve never seen a barcode on any of my clothes that I can recall. I don’t buy clothes often though. ",fear
"I read that as ""It's fat being fucked in the picture"" lmfaoooo",anger
Irrational anger especially certain family members,anger
"Life must be difficult for her then, I'm surprised she can leave her home. Hopefully she finds help if she wants it. ",sad
"Im at the game,somebody please put me out of my misery ",neutral
The amount of hate that [RELIGION] people get in the world is absolutely staggering.,sad
"Dude I don’t even know what that guys deal is, but honestly, I feel bad for him",neutral
That’s! How you defeat a bear!!!!,sad
I can’t wait,fear
"I will say, this tanking season is a lot more enjoyable than [NAME] cause we don't see [NAME] looking confused on the sideline every game.",happy
What's it matter where this came from? It fits every content guideline and we're enjoying it.,happy
Who’s fucking a shark !?,anger
🤷🏼‍♀️ I was wondering the same thing. It looked almost like a teriyaki.,sad
I hate waking up. Being asleep doesn’t last long enough. Being asleep is so peaceful.,anger
You can get so much money from hunting. Fishing is probably the best method if you’re grinding but I actually enjoy hunting,happy
"The last thing you wanted for your child, but they inevitably choose it. Funny that.",happy
I’m glad not too much time was put into this,happy
It's a miracle,sad
*Hey just noticed..* it's your **8th Cakeday** [NAME]! ^(hug),fear
SEVEN parrots? Wow. Bit of a hoarder there.,fear
"Wow that was a roasting... Deserved, but daaaaamn [NAME]",sad
HELL YEAH!!! And in only 7 months?? That’s such an achievement!,sad
Thanks I was wondering what the sparks from his head were about.,sad
Hahaha good point!,happy
"No worries, glad I could help. Just pleased I started learning to read!",happy
Horray for Persona,happy
What the fuck are you talking about,anger
"I hate from the bottom of my heart, when animals behave like this..",anger
I'm so glad the Ontario government sold off that money pit. /s,happy
I already know [NAME] sucks... He will be gone in 2 years but the shitty press that you support being like [NAME] will still be here. Congrats on supporting propaganda,anger
Not happy.,neutral
I'm so broke that I'd take if you're still looking. I'm a guy though.,neutral
"Wow, this is my trashy goals in life. This woman is living out my dreams.",sad
Congrats! Glad it went well for you!,happy
I understand just so hard feels like I’m being thrown away like trash I don’t want to imagine a life without her in it,neutral
Motherfucker!!,anger
Just cleared normal mode! I'm having a lot of fun xD,happy
Ok cheers mate thank you,fear
Have fun!,fear
No problem! Happy to help :),happy
I miss [NAME] and [NAME]. :(,neutral
"This is me today, I have to do a 1-2 MINUTE presentation and I’m freaking out about it",anger
I'm more surprised the dash cam was functioning properly. Usually around these incidents 3 of them were not recording and one had the lens cap on...,sad
"I am real excited for this, I just hope they don’t ruin it.",fear
Double doink Love it,happy
me too! a guy a few posts up as well... I wonder how many of us we need for a class action lawsuit,sad
Much more badass than the union suit.,anger
"Fuckkkkk I'm doing Psychology lmfao, am I gonna fail at life now? ",anger
So sorry to hear about your abnormal growth. I'm now green with envy. Are there other celestial gods that can identify with existence?,neutral
Pleasure!:),happy
With punctuation like that I'm surprised you're not from Jordanhill,sad
I had so many avatars named after Star Wars characters on Millsbury. I miss it 😭😭😭,neutral
Glad I’m on my way out through ATL instead!,happy
I'm honestly surprised. We should have fallen much farther,sad
SHE MAKES ME CRINGE :(,neutral
My bitch dun left me All alone She took mah squeeky ball And mah rasty bone,anger
The worst thing they risk is having to become a worker.,anger
I wish I could be you. Our thing is dragging on forever and I’m heartbroken af.,neutral
I remember hearing a story about this type of highway camaraderie once from a trucker who helped a woman escape a man... wonder if it was your mom,sad
my soul has long been destroyed :( it’s over for us nosoulcels,neutral
Obligatory fuck the dodgers,anger
Wasn't expecting these feels man. I'm so sorry for your loss!,neutral
I'd rather continue throwing money into these foreign sinkholes than use it to mess up the healthcare markets any further.,anger
"The world is backwards, nowadays. Where people defend _GaNgStAs_ because it's culturally and politically correct, and then shame those who protect and serve. Makes me bleed rage.",anger
Fuck the rangers,anger
You smug fuck,anger
It looks like it's from the Molecule Effect on Santa Fe. Great quirky spot!,fear
I’ve made candies almonds and cashews in a slow cooker before. They’re surprisingly not mushy or soggy.,sad
that was such a misstep from their PR. wtf were they thinking people were expecting with a public countdown,anger
I'm so glad Mercy's have to actually try now.,happy
Oh man... my grandparents on both sides of the family have passed away and it was tough... we’re here for you,neutral
"Oh, I stand corrected -half a million people is ""almost no one"". Bloody hell mate. ",anger
"Yeah, when I saw she was in LA, I really hope that. Oh please, be true.",happy
Embrace the feels my friend. Glad you found happiness even if it is fleeting.,happy
Worst president ever.,anger
For sure...sometimes I feel like I will just evaporate into nothingness as the stranger in the mirror looks on.,neutral
We have seven fucking billion and more people bork every day !!,anger
Hahahaha!! I was thinking the exact same thing. But you could really feel the excitement while reading! 10/10,happy
"You've been a sad boi around here for the last week straight, you'd do well to take a break.",neutral
Correct What the fuck is the AAF is what im asking.,anger
"its ok, glad i watched the show, i enjoyed it.",happy
Surprise! That fat woman you see on the bus every day is actually this generation's [NAME].,sad
Is that Guildford? There always seems to be plenty of zombie-like pedestrians around town!,sad
I wonder why they're single?,sad
What the fuck is wrong with this?!?!?!??? FUCKKKKKKKK!!!!!,anger
"[NAME] damn, that is the kind of biting commentary I enjoy.",happy
So glad to hear they got banned. Can't believe adults can still behave like that.,sad
"[NAME] wore shoes and killed millions. For [NAME] like me, people who wear shoes have become a symbol of hatred and murder.",anger
Break ups are painful and there’s no way to avoid that. Be honest with your current girl and end it.,neutral
What a load of old shite.,anger
I hate when MoonWolf1-799 is taken.,anger
My wife enjoys marking me. We just make sure they are below the collar line.,happy
[NAME] getting off beat the dribble is hurting me a little inside /: Edit:words,neutral
"The conversion go muscle probably helped, considering the size of them. I'm super happy for you dude, you've done amazingly!",happy
Interesting that's what I usually do... Are you me?,fear
"Oh my goodness, I'm so glad you were there too. You made his day suck a little less. ",happy
"Hi [NAME]. Nice to meet you, I'm promet. ",fear
"It’s all the anger, it ages her terribly ",anger
Lovely day we're having.,fear
"Doctor is Spy! ~Grunt, too late.",sad
I'm shocked. You mean to say the economic model adopted by every single financially successful country on the planet actually works? /S,sad
Nope. No joke. Also happy cake day,happy
Thank you! That’s good to hear. I like presenting the place as it is.,fear
Whooo!! She waited... then paused the. Went in!! Oooooohhhh the shade!!!!!,fear
im shaking and crying right now this is so powerful,neutral
"An interesting video, though the title's lack of an Oxford comma is bothering me.",fear
Happy one week anniversary,happy
"I couldn't even get an internship for Human Resources without having 2-3 years 'Real World' experience. Still in customer service, with a ton of debt. ",neutral
I am 33 and I still regret things I said in the 5th grade.,neutral
I'm glad you had such a positive experience on the sub and congrats on the relationship.,happy
My fiancé had it custom made as an early Valentine’s Day gift!,happy
I mean I'm no fan of the series either but who cares? It makes a lot of people happy.,happy
Pleased to meet you. Hope you guess my name.,happy
"Someone will actually spend their money on this too, that’s the sad part",neutral
"Yea it's pretty fantastic. I got lucky that despite being fairly TBM she enjoys passionate, frequent sex.",fear
I miss [NAME],neutral
How did this not get marked as meta? Tried posting something similar here and it was instantly flagged as “meta commentary about the sub” and blocked.,sad
"Honestly, I really liked being 32. The 30s in general have been great. Happy birthday!",fear
dude that stadium was lit as fuck 🤣🤣🤣 were about to embrace the tank like never before,fear
"Oh look, someone who doesn't understand how living languages work.",sad
The app trio is the only thing worthwhile there. Won ton tacos +boneless wings + spinach dip and I'm a happy camper.,happy
Orange fan sad. :(,neutral
I love the burn,happy
[NAME] was the worst Of any sports team Unis!!!,anger
How many gallons do we need is my favorite so far. The sad part is that it was always pleasant.,neutral
BUT 3 MILLION VOTES!,sad
I couldn’t believe my ears. she’s unbelievable.,sad
I'm glad you like doing - you can feel the darkness taking over haha. This honestly sounds like an animated short?,happy
I was wondering the same thing,sad
Unfortunately there are also far less/weaker unions now too,neutral
If you use one of those two I automatically hate you,anger
She isn't disrespectful like [NAME] but she's also a cheater and she's making ridiculous excuses for her cheating,anger
"Each Dark Souls game has been voted ""Most Likely to Result in Controller Damage"".",anger
I called an ambulance for my friend without knowing it was against her wishes. She never blamed me but I felt really bad about it.,neutral
*Fuck extremists.,anger
Idk you seem pretty miserable and really bitter and angry. It must be exhausting and I hope you find happiness some day.,anger
"That's some animal cruelty right there, someone help this poor creature.",neutral
Curse them out.,anger
"I keep wondering about armpit waxing, but the potential pain scares me. ",sad
Right? It was frustrating (and concerning) that he used such bad reasoning when his job is to curb phishing :/,anger
I'll miss [NAME],neutral
Is this because of the sudden spate of comments feeling shocked that we don't respect proud right leaners or have you always had these mails?,sad
It makes me feel good. Wholesome is a very subjective thing.,happy
Gungrabbers? You act like they're busting in your door and taking your guns. No one is forcing you to do this.,anger
True Story! That's the sad Part of it...,neutral
Twas a joke ❤️,happy
Hard. Social anxiety/general fear/uggoness kept me from actually getting dates and i was extremely awkward when I finally stopped anxie-puking to actually go on the date.,neutral
Hmm ... Vancouver is not on the list? that's interesting ...,fear
I'm not surprised to read this within the sub it's in. Bunch of knuckle dragging storm troopers WOULD be angry to see people liberate themselves. XD,anger
These are the signs I'm getting old... Wtf is a weed cartridge??,sad
No I’m happy to spend big on myself. I’m not happy to spend my money on layabout benefits claimants.,happy
There's a surprising amount of [NAME] in this thread.,sad
"""cool little surprise"" ow youtubers: NEW HERO NEW SKINS NEW MAPS NEXT WEEK?!",sad
Looks f*cking delicious,happy
"Enough already. I'm sorry that the breakup is going to be painful, but you can do much better. ",neutral
"I know he will be, I'm just nervous. His face is just going to be so sad 😢",neutral
At least we aren’t getting blown out. And Vegas is hot right now,fear
It's so focused on the presenter and he is so unengaging it's painful.,neutral
Reddit is so right wing I can’t even believe it,sad
"I've had such bad memories, I remember when I remember bad times now! Haha",neutral
"Cheers, guys! We are never drinking alone when we are here! But in person, I love drinking alone. ",happy
"So birds and limes are bikes. Wow, TIL. ",fear
Quite surprised I wasn’t on there,sad
ONLY FUCKING MERRILL WOULD MISS THAT,anger
*Hey just noticed..* it's your **2nd Cakeday** slumbishop! ^(hug),happy
OMG. The company logo reminded me of something. AAAAAAAAAAAH.,sad
"I'm sorry to hear, come see me when you die.",neutral
Wow did we marry the same guy. My STBX left the state for 3 months with no contact with his child.,fear
"No, but I might choose to not support certain teams because their owners are trash.",anger
"Shut up, or you'll be tossed off the roof!",anger
My score per minute is terrible because I only snipe so asking the wrong person. Sorry dude,neutral
"[NAME] lives. Obviously you can quote me on that, because i just said it. [NAME] dies. [NAME] dies. Fuck [NAME]. ",anger
"Its actually ""[NAME]"" , not ""[NAME]"".. Sounds like a drunk to me. Glad to hear nothing horrible happened ",happy
How dare you say that. He's a toad of the people! Not some rich frog!,anger
Otherwise it would be a terrible disservice to the NHL,neutral
So excited for this!! Thanks to all who have worked so hard to put this together <3,fear
I wasn’t even expecting the reply that’s why I’m literally bamboozled.,sad
The fact half the level has no fucking music is a real pain.,neutral
I genuinely cannot believe [NAME] didn't get fired years ago. It shocks me more than [NAME].,sad
[NAME]? Rape? I am shocked I tell you! SHOCKED!,sad
"But once it's born, if its parents can't afford food, shelter and medical care, it can go fuck itself.",anger
Oh fuuuuuuuuuuuuuuuuuuuuuuuuuuuuuuuuuuuuuuuuuuuuuuuuuuuuuuuuuuuuuuuuuuuuuuuuck RIGHT OFF!!!!!,anger
"Oh, Boy. You into phrenology too.",sad
Ah sorry about that won’t happen again,neutral
"That's just the adrenaline. It'll set in soon, haha",happy
[NAME] freaking [NAME] all the people down range just staring. -_- GO INSIDE DUMBASSES.,anger
My god i thought he just hit his shins really hard on the pole but than realised what his shoulders did...,sad
Oh boy yeah,fear
After reading a lot of replies you should bee ashamed of yourself. This thread is a hive of bad puns and references.,anger
Lmao what's the difference neither one is refrigerated. People are fucking stupid,anger
"OHHHH, I like where Richmond is going with that.",happy
mtv has agreed to take some of the load by having them on...i wonder if they get paid per appearance or flat season fee.,sad
I would like to suggest one that's like Would You Rather. More of a dark comedy but oh so good. Cheap Thrills is amazing,happy
DEMOCRATSPF ARE LITERALLY HITLER!!!!,anger
And what a fuckton of karma it was. It’s fake stories like this that really prove that communism is the far superior economic system.,anger
Sadly the Request a Book of [RELIGION] requires a phone number now. But if you have theirs it might work;,neutral
Fake lous!,anger
I turned the news on around 6 this morning and have never been so happy to have a commute of 4 miles to my job,happy
Ahh you must be speaking of M & W Industries! I know it well I'll never forget the smell of pickles.,happy
Happy cake day!,fear
Wow misleading title.. Ffs,sad
That should be fun. I may have call in sick tomorrow. Lots of Bournemouth fans including my boss.,happy
I'm just here to say fuck [NAME],anger
"Yeah man, fuck the man. Can’t have people getting free stuff or have any creative marketing ideas.",anger
Because the false accusation makes my anxiety worse,anger
I'm a Bioware fanboy so obviously biased. I even enjoyed Andromeda. Haha.,happy
That's so sad.,neutral
I would suffer a heat stroke or die of diarrhea,neutral
Minus the eyebrows I personally think it’s an attractive look. But the fucking eyebrows ruin it all.,anger
I'm glad you called it because it really is a beautiful and beautifully honest statement.,happy
"""I suffer from a very sexy learning disability. What do I call it, [NAME]?""",neutral
He might be happy to discover that he is the father of someone with superpowers! LOL,happy
"As a fellow browns fan, unfortunate enough to be born into a browns family and in ohio... Hello sharer of a lifetime of heartbreak.",neutral
oh man another year,sad
>Ultimate 12 Inch *notices bulge* *OwO what's this?*,sad
Omgz rite?!!1 updoots!,sad
It wouldn’t even have been a month yet though... I can’t believe this bootlicking nonsense is upvoted here. [NAME] supporters everywhere these days smh,sad
"It's good, good, good, good - good good good!",fear
I'm just saying you are demanding things of us while being nasty yourself.,anger
"Really wow, what a steal",sad
Kid has a disease/condition where his skin falls off at the slightest touch,neutral
Aww that's so sweet !,fear
We're moving from Utah to California later this year. These statistics make me even more excited!!,fear
This just makes me angry.,anger
I am so sorry those kind of people make me sick,neutral
Ah there it is,fear
It's hard to make friends. :( I sit alone.,neutral
We had a long debate about how old Jackie bird is and as per every year were surprised by the result. Was pish,sad
Hell yeah. Enjoy your new bachelor life son!,happy
that number 3 is soooo familiar and sad.,neutral
And how she can’t cry bc of her “expensive lashes.” 🤦🏼‍♀️,neutral
Lucky I caught people reacting on twitter. For some reason I thought this game as at 6 PM.,happy
Wow... congrats,fear
"Thanks for gping to the effort, but i would be surprised if he read it and gave it the chance he have trump. Pleasantly surprised, though.",sad
...what? You're far more concerned with the o line than signing [NAME].,sad
70 year old me doesn't give a fuck just piss or get off the pot!,anger
The sad thing is his is still glitched. Just a couple days ago I died from [NAME] lightsaber about 5 seconds after someone else killed him.,neutral
Gotta offload this crap somehow.,anger
"[NAME] passing is worse than usual. It's alright, but god damn is it painful to watch.",neutral
I’m shocked that no one got whooshed by this comment,sad
I don't swallow toothpaste idiot,anger
My condolences. Lost my cat Zoey over a year ago. I still miss her like crazy. she was only 3 years old too.,neutral
When are people going to learn that it's OK to cheer lead dance in front of an old misogynist lol,happy
"That goes both ways, their adrenaline and determination would also be through the fucking roof.",anger
I'll second this notion. One of the first things to go is texting when I start getting sad.,neutral
I was expecting this to go MUCH worse than it did and I’m so glad my imagination wasn’t right.,happy
I spent a few months in LA and it freaked me out every time someone zoomed past me.,happy
Wow I typed that out before my eyes were awake 👀,sad
HAHAHAHA I'M AN ASSHOLE,anger
I'm looking forward to this way more than Captain Marvel. It's actually not even close,fear
That’s amazing! I’m so happy for him!,happy
I was sad when the Hawks lost [NAME] but this Schottenheimer guy seems pretty cool.,neutral
Are you being stupid again?,anger
We needed some way to torture a guy so a religion can be created.,anger
"Screw DBs swill, their creepy Children of God (cult) employees, and the traffic mess it creates on Rural in Tempe",anger
I can totally see it. I’d be very interested to see them interact.,fear
I live in Raleigh and all the Canes fans I know love it. So the players love it and the fans love it. Everyone else can chill,happy
This post gave me incredible anxiety until I saw the back tires rolling sideways which was amazing.,fear
"Tool fan from the U.S. here. Something seems off about this question. Cheers, mate!",happy
"It depresses me that the Carousel revamp has been a popular answer. Thats not a change, that a sliding scale adjustment.",neutral
"[NAME], [NAME] and [NAME] just yelling over each other and [NAME] looking around like what the...?",anger
Shut up cowpoke,anger
Unless you have actual ADHD lol. But I think this was mostly meant to be funny,happy
Hey man. A lot of people have criminals in their family. That doesn’t mean they are I think you need to take a step back,anger
"It's rigor mortis but don't change it haha it's funny, good r/boneappletea material",happy
Your using emotionl blackmail. Does the vet save cancer or destroy cancer? [NAME] = Vet. Your using babies and all sorts of things to manipulate. Vets only do the right thing.,anger
Ya! Nintendo is for kids! Now join me on my expensive PC and let's play stardew valley like MEN!!,fear
Oh and now vini is down,sad
Why is this getting downvoted. I love Meepo so much. :(,neutral
Glad we cleared this up,happy
Pilots omg... you are not alone there!,sad
aww hell no. This fucking ad,anger
You're an uneducated twat.,anger
"Its not the 90s old man. Now if you said you like pancake asses, thats juicy",fear
"How stupid are you, if you dont réalize it’s staged ",anger
I'm really interested in seeing those other 6,fear
Hope you had fun atleast; it's amazing to see up close in person compared to the camera.,happy
He’s got no options. Not your problem. Have another wine! 😂,happy
I lost a six pack this way once. For a good year every traffic stop became a field sobriety test.,neutral
It's called a fullstop in England. My fucking immersion in this meme is ruined.,anger
I can't wait for the r/hockey GDT with the saltiest fanbase in Reddit. I think I'm just gonna stick to our sub tonight.,fear
That would expand his torso and ribs which probably hurts,neutral
It’s like bombs over Baghdad to a whole new level... I LOVE IT!!,happy
Fuck off.,anger
I Can't Believe It's Not Butter.,sad
"You monster, I hate it. Well played.",anger
"Nae bother, Happy to bring musical joy in to any household.....",happy
"Slap her hand if she is trying to force you to do anything! Tell her not to put her hands on you, and enforce it every time. ",anger
Me. I really needed to see this. ☹️,neutral
It is like how I imagine [NAME] and [NAME] people seeing wooden ships across the water the first time.,sad
Fun ruiner.,anger
Glad to see that [NAME] no more is a fellow r/Atheist user and anti-Peterson,happy
You leave [NAME] the fuck alone.,anger
Good riddance. I'm surprised it lasted that long. [NAME] is trash.,sad
Sorry for your loss 😣,neutral
" ### A surprise, to be sure, but a welcome one ",sad
"YEAAAAHH!!!!YEAAAAHHH!!!!...oh, here ya go, doom-di-doom...",anger
"Oh I get it, you are illiterate on purpose because you fear to be fed with lies (in your mind). Sorry for you.",neutral
"Yeah, the big thing I'm glad is he hasn't ballooned up. ",happy
Makes us wonder what its going to be like for my children's generation..,sad
"I was expecting the surprise birthday, not seen this twist on the sister before. ",sad
"Don't just distance yourself, BLOCK them",anger
I enjoyed watching the crazy old man being dragged out at the end.,happy
I'm suprised I didn't see more of these. Thanks for the support :),sad
Bless you this post made me cry,neutral
"Here, here. Cheers to starting fresh!",happy
He looked so sad when he was talking about how it feels to be getting criticised 😢.,neutral
I was also bullied at work. I was on lithium for a while. You're not alone.,neutral
Have an interview in 11 hours and it's after 2 AM bet LETS GOOOOO,fear
What's even worse: the deciding voter refused to support the subway because he was strangely obsessed with a horse & buggy transit plan from 1858.,anger
"Bro, highmountain looking sick",neutral
Ooooooh I wanna try it now!,fear
"Sir the fuck down. This is an intervention, we need to talk.",anger
I hate his hoist a shit shot and throw your legs forward so you can draw a foul on the defender for crowding your landing space.,anger
Pls end me,neutral
Good for you! So awesome!,fear
Motherfu... thanks for pointing that out!,anger
"""look at you... look at you..!"" Oh, I'm bawlin. ",fear
I can’t stand [NAME] but that was heartbreaking,neutral
Because he's attractive. Hence [NAME] come out in droves to defend him despite the fact he's a horrid asshole.,anger
25000 likes wow! I got max. 30-35 likes.,fear
"Yup! Was a great shoot, can't wait for the video to debut so people can enjoy all the hard work. ",fear
I knew a guy named [NAME]. Always wondered what his middle name was.,sad
Well ya but it's kinda too late for that unfortunately,neutral
That'd be fun! Meet at a bar and watch the show!,happy
Man being unattractive in appearance has pretty much taken any joy out of my life,neutral
I wonder how big a problem this really is and what the cops' plan is.,sad
For a sec I thought I was on NoSleep. I'm glad no one got hurt.,happy
Omg my 3yr old kept rubbing it all over his face the other day too!! 😆,sad
"I was shocked. They were talking earlier on the news about her losing by less than 100 being a victory, of sorts.",sad
"we have a ""righty"" complaining about ""lefties"" making up BS, while they make up BS... sad.",neutral
That’s not a fucking card?!,anger
Now that's ride sharing!,fear
Best day of the week!,happy
A beautiful poem for a beautiful thing. Happy cake day btw!,happy
The guy that waived a future hall of famer. Hard to get away from that decision.,neutral
Was expecting a horrifically broken ankle. You have posted the actually unexpected,sad
"Right now I'm listening to Stand By Me, I'm liking it ",happy
"Based on her other post she's young, pregnant and possibly homeless. Looking for help and advice.",neutral
Happy New Year you wonderful mummy you! I was thinking about you today and hoping you were doing okay ☺,fear
"Please, please, please don't do that to yourself. You'll end feeling worse when this guy leaves you. ",neutral
"Yeah, sorry about that. I see it in so many post I thought it was almost a custom to do so.",neutral
Mother of [NAME]... Im not grossed out very easily. I can stomach just about anything. But this made my fucking skin crawl....,anger
glad you made the trip from a fellow austinite,happy
"Why are you making questionable jokes at work? Unless you work in a comedy club, it really aint the place.",anger
It’s so sad that i can play all these Zelda games on my 3DS but not my Switch. I have like 12 Zelda games on my 3DS,neutral
Feels good to be a Nets fan right now,happy
But it'll hurt,neutral
Yeah and I love my dog and I'd miss my dad.,neutral
I know this is a joke but people on this sub actually think this way lol.,happy
Man I hate that [NAME] guy.,anger
"Shouldn't have insulted chungus like that, if I see you in the fog you gon get facecamped",anger
"Whoops, I'm* dying. But I wish, they make so much money. ",neutral
The left side attack of [NAME] [NAME] was woeful,neutral
Yay the same out of touch old people cycling thru the same positions. I can't wait to see the changes they bring/s.,fear
The bourgeoisie elected courts were going to backtrack on all [NAME] economic reforms. Fuck those guys.,anger
"It’s been good, made me able to function much much better. ",happy
Made my day!,happy
One of the rare times I actually laugh out loud while browsing online.,happy
Alot of friends and family make that or less. It's pretty crazy.,fear
"Bloody forking shirtballs! This has to be some kind of ""The Good Place"" / Bad Place repost robomod bullshort. ",anger
fucking seriously.,anger
I do but no one wants to play with me I at least try to play by my self but it gets really boring.,neutral
Grandmas knees are burning up,neutral
I am in distance relationship so this probably me and my boyfriend for this valentine. This suppose to be our first valentine.,fear
"I'm two weeks in, hope your right, I'm loving the game right now",happy
"Ha, my husband goes out after you guys have done your thing and checks for himself, he's been burned too many times.",anger
Ok now I’m wondering what you’re on,sad
Yeah but FGM is basically like cutting off the head of the penis entirely. I'm uncut myself but I get why people do it,anger
oh! I have more ships this time! Niice!,happy
"Wow, I know he is the voice of [NAME], but I did not know he basically IS [NAME]",sad
"You have too many knives, I don't trust you. Sociopath.",anger
Since when can a family member drive against other familymembers because you both own it? That would go horrible if that argument was valid! What the hell!,anger
Or you just get rejected and then not murdered and your anxiety worsens until you can no longer approach women or even men.,neutral
That is utterly horrifying. I'm so sorry that your kindergarten teacher was such a heartless old bat.,neutral
"“1, personal space. 2, I like my personal space. 3 get outa my personal space...”",anger
I was getting arrested and my dog run away from home like a bullet,neutral
Correct. I just enjoy debating them.,happy
"[NAME] fucking [NAME], that man is enormous.",sad
"Short answer, fuck no, don't ever fall for it. Don't make the same mistake Canada has.",anger
"Damn, I need to find this trade school which lets you make your personal animals",anger
Kill whitey!,anger
">""Fuck it Im on my way out anyway"" ""Fuck it Im on my way out to Seattle""",anger
You and your lovable band of losers have already lost!,neutral
"As someone who has been in a similar relationship, it is indeed emotional abuse.",neutral
I reported an old man for terrible driving and the police actually took it seriously (pleasantly surprised). It's worth a try!,sad
Or at least a couple more visits to the booth. I enjoyed hearing him adding to the banter.,happy
"Given that you're not a conservative and this isn't a debate sub, how about you just get the hell out and stay out.",anger
Fair enough ;),happy
I feel bad for him and [NAME] i hate seeing the OGs fall #UNITEGAMING,neutral
It didnt last long sadly,neutral
Now this is a Contrapoints video I want to see,fear
This is something I try to do every day and it makes me feel so at peace,happy
"Lol, I’m surprised more people didn’t catch that. Thanks for the med check! ",sad
You have to find the right woman honestly and its sad that divorce is so punishing,neutral
That's really interesting! I've seen that happen before too,sad
"Well tickle me pink. Thanks for following up, I enjoyed the read.",happy
r/UpLiftingNews Edit: I just got banned for posting this there.,neutral
Such a sad way to think of life all because these people believe there's something greater than this.,neutral
I feel horrible for the government workers caught in the middle of this. I hope it ends soon.,neutral
I used to watch it’s always sunny with my cat. She loved it. Now I can’t watch it without crying.,neutral
"Is this in the US? 30k per year blows my mind, my tuition is like 9k ish a year+rent",sad
What a rollercoaster,fear
Mom.......MOTHERFUCKING CRACK,anger
"Ooh, I wanna be [NAME]!",fear
"Of all of the fan-favorites from each city, [NAME] being the fan-favorite confuses and annoys me most. Her headlines are becoming insufferable.",anger
I know right! Lego really hurts!,neutral
Wow I got a virus from just looking at this post,sad
Animal Crossing made my wife into a vicious and abusive murderer.,neutral
"Ahhh, my birthday month. I must go.. ",fear
Oof lmao sorry buddy,neutral
"Yeah I'm actually pretty surprised that's not a thing yet, there's gotta be a lot of people working on it. ",sad
I wonder if that child puts it on his resume.,sad
Oh fuck off. Soooo...... when is [NAME] and the gang going to un mask [NAME] as President [NAME]?,anger
[NAME] what the hell is going on at hq,anger
Yep.... Have fun,happy
Fucking Instagram normies,anger
I’m sorry about your friend.,neutral
I'm...not going to let him see me cry.,neutral
"It’s okay, my mom has always hated me and I’m fine.",neutral
Well I'm glad I decided to go to McD's instead of doing those lines!,happy
I’m wondering about those friends of hers that encouraged her to contact you..,sad
This makes me so happy for you ♥️ I am glad you are getting the right kind of support you need!,happy
">""Le Painting""??? What hell is that? - [NAME], 2019",anger
What is this fucking r/niceguys bullshit?,anger
That and customizable CSS makes me so happy. /r/Firefoxcss if you’re interested : ),happy
I'm sorry for your loss. Also send a Mass card.,neutral
Really? Wow I was sure they were huh. Even still I feel like he needs berserker light damage for that sword,sad
"I got a weird vibe when he was placed on Colliton's staff, so I'm really glad it's turned out the way it did. ",happy
That would be awesome,fear
I’m sorry. Happy Birthday! I care ❤️,happy
"Yes, that was indeed the joke, I’m glad you got it ;)",happy
"Flat out getting our ass kicked. Gotta give it to Memphis, they have just shut us down",anger
"Honestly, it would be even better if she handed the reigns to a brick. Then no deal definitely happens and everyone's happy ever after :D",happy
Thats weak as fuck.,anger
This sounds like a toxic relationship for the both of you. Seems miserable... I’d hate to be in that relationship,anger
“I hate rich people” - people using website made by rich person on a device made by a rich person.,anger
Instant karma for an impatient jackass who doesn't deserve the right to drive.,anger
Happy New Year,fear
Oh no! That’s my favorite! Nothing like losing an organ to get you to eat healthier.,sad
I can when enough time has passed. I've got each of their playoff games from that year and it's fun to relive it during the offseason.,happy
"Wow, i never really understood how bad the star wars perecuelse really are till this moment.",sad
"I'm afraid you're completely correct. Sad, but true.",neutral
But all this does is hurt the average person not the right way to raise money.,neutral
Just wondering why they called the cops but not an ambulance seeing as how he was covered in blood and disoriented.,sad
it is dangerous to date men - read the news - women get killed by male partners and ex partners very frequently. Women are amazingly brave.,neutral
Damn. So you went back to an old medication and found it no longer worked for you??? I didn't even know that was possible.,sad
[NAME] royally fucked up that last rotation. Also did [NAME] even get a single kill with their specialists ?,anger
My [NAME] accuses me of cheating all the time too when I’ve been nothing but loyal. Makes me wonder if she was cheating on me too...,neutral
They spam that stuff because its working. Make them stop it .. and punish them.,anger
I'm thinking he ment [NAME] but he's still a karma stealing whore.,anger
Oh well... I'll like both of you.,happy
"She was so excited, oof the comment hurt",fear
"Wow, ouch... ",sad
"Hate the taste, switched to a plastic nalgene bottle",anger
Have fun in the farmer's league.,happy
"Poor kitty. All you can do is give her extra treats, playtime and cuddles. ",neutral
So sorry for your loss! I lost my cat 6 years ago in 2021 due to terminal autism. 😭😭,neutral
saved... i'll enjoy this video,happy
"Unfriend this kid in all ways possible. Sucks for both of you, but this could be much worse. ",anger
I will be surprised if this actually has an impact. Just a few statements about the importance of the commitment to defeat ISIS and the withdrawal will continue.,sad
How sad that you think because [NAME] wants something we should no longer want it. Grow up you child. Life does not revolve around you or [NAME].,neutral
"she said (i swear to [NAME]) her doctors told her she wasnt bipolar and has ""anxiety caused by other people"" ",fear
I can't believe people voted us to beat Sydney. I've become extremely optimistic over the past few months and even i voted Sydney.,sad
"wow, you guys have a body language now?",sad
Wow - never seen negative karma before I clicked on your name lol.,sad
That’s depressing,neutral
"Watched it last night and as someone not generally into supernatural horror/thriller type stuff, I thought it was pretty damn enjoyable. ",happy
N00b account tosses insults - how surprising.,sad
I’m not crying.. You’re crying!,neutral
I didn’t say for how long I’d been in it. :) Maybe it was made of ply board and garbage!,happy
"i ended up crying and breaking down once i got to my friends house, i'm so sorry that happened to you as well :~( ",neutral
You know it’s really bad when the lashes are bigger than the brows,neutral
So you lucky you won as you work illegal teach. Glad you leave.,happy
Thank you! I am surprised with the amount of feedback I am getting. I was not careful with my word choice.,sad
How so? How do you keep stupid people from voting?,anger
"Some people are pretty dense. That comment was clearly sarcasm, sorry bout your downvotes 😔",neutral
Exactly. How that woman has survived two no confidence votes amazes me.,sad
It worries me that there are people that miss the meaning of a subject by so much. Your critical thinking skills sadden me.,neutral
he'll be hurt next year too,neutral
Congratulations fellow lobster!!,happy
But...but...I just bought a new gun in Fallout '76.....and America is the centre of the universe!! :'(,neutral
I am so so happy for you. <3,happy
Block him and stop replying to his comments. Not worth it.,anger
"A surprise to be sure, but a welcome one.",sad
i can't believe i havent seen this before. well i was going to watch nosferatu tonight but change of plan,sad
sorry. I don't want to put words in your mouth.,neutral
"So happy to see [NAME] regaining his form... we had to sacrifice [NAME] for it, but i’m okay with that...",happy
"I'm glad you can relate. I'm glad in a really alienated, empty way. But glad, still. Probably.",happy
I’m picking up my fourth one tomorrow. CZ Scorpion Evo 3 .... and I’m stoked,fear
Aquaria just lost her shit when the Cup Toss challenge went awry,neutral
No we're getting Kinsler and be happy with it,happy
“What a bummer. He ded. I look at sky. Maybe bird make me happy.”,happy
I know North America is a big place but I wonder what it will take to see similar crowds in cities over here.,sad
[NAME] from ZoE and [NAME] from TTGL. Actually fuck all that [NAME] from The Big O is where it's at.,anger
I hate roundabouts. For some reason road designers have a fetish for them as more and more are popping up. For cyclist they are rings of death,anger
Crazy how before the offseason everyone was talking 350-400 mill deals for [NAME] and [NAME] as if that was all but inevitable,sad
Wow. That'll teach you to try and help!,fear
I used to build a ramp and jump over other kids on my bike ala [NAME]... I was amazed at the time.,sad
You should come. You'd enjoy it.,happy
Wow [NAME] went cold... can’t wait to see [NAME] find out why!,fear
"One of my best friends got caught up in Primerica, it was both sad and hilarious ",neutral
I am sorry little one,neutral
To bad your mother didn’t swallow your dumbass,anger
"Since I was a kid I knew I preferred funny, smart, interesting girls to conventionally attractive ones. Really tore me up the feeling wasn't mutual.",neutral
Wow. That is shockingly uncool.,sad
Wow what's it like to be so petty? (Fixed),sad
"Yeah, turns out there are some SNEAKY Grizzlys there that can surprise even a dog.",sad
I believe you copied and paste from somewhere or previous answer. We are definitely not talking about the same thing. Hope you get better man. Cheers.,happy
I can't wait for mom to slap his hand down,fear
"Fox News devoted 42 seconds on [NAME], wow.",sad
Memes are going to get fucking fantastic though,fear
Seeing [NAME] on Sunday and I'm so fucking stoked,fear
Happy Birthday!! It was great seeing her at the Royal Rumble and SmackDown.,happy
"Sksksksk omg, I think I must’ve got confused then, yeh top for ep8 right? And that’s the makeover or the ball?",sad
The sad part is that we are not trying to tank,neutral
"OOOOOFFF, now that'd be a kick to the head",anger
"Huh, never heard of that term before. Something new every day!",sad
Savannahs? Like 30 lb dogs in a cat skin and they look amazing to boot.,sad
It is so refreshing to have [NAME] gone.,happy
This is horrifying,sad
the tears of unfathomable sadness ... mmm yummy!,neutral
Oo! OO!! I know this one... ME!,fear
*what the fuck*,anger
I wouldn’t recommend expensive brands in this subreddit. People get irrationally angry and condescending.,anger
"Made me so angry to read that, I almost downvoted your comment. Upvoted, for sure. Grr! ",anger
Oh man! Oh boy!,fear
"I'm just glad they'll chill out in the main sub, they were swarmin.",happy
Where in that sentence did I mention US backed CIA coups? You're fucking shameless.,anger
The only life that needs to be ended here is the life of the guy that raped your daughter. Abortion is just medicine,anger
We could cure child cancer and pictures like this would still make me happier,happy
Oh good one. It’s insane to think the last three mvps were once on one team,sad
Well glad she got out of the situation safely. I would much rather NOT have to investigate and know someone is safe.,happy
"Go lie somewhere else. Go to Faux News or something. They,ll believe you.",anger
Ahem. There are those who think that life Has nothing left to chance A host of holy horrors To direct our aimless dance,neutral
This. I saw a life pro tip a couple weeks ago about this. I cant believe how clean my kitchen has gotten.,sad
Thats a move i havent seen before,sad
"I’m really high and laughed too hard at this video, normally I would feel really bad for the old fella.",happy
Maybe. It's an interesting theory for sure :),fear
His 2 point shooting has been bad this season atleast he is still staying aggressive,anger
Absolutely no one was surprised at her choice to run in 2016...,sad
I arbitrarily hate poo-lice Get OUT OF MY POO,anger
I hate when I get extremely bored doing something that was once all consuming.,anger
"Take your upvote, you no good bastard.",anger
"Wow! Thanks! We’re working on it! Glad you liked it (this is [NAME], the [NAME] one)... appreciate your support!",happy
Every time I think about how close we were to getting [NAME] it hurts a little bit more...,neutral
It’s awful. I couldn’t even see the ending at all.,neutral
"Wait.....What? You do know that's not how it works, right?",sad
Wow I never noticed that either before you pointed it out,sad
It infuriates me how many layers of tape these things have sometimes.,anger
This made me incredibly happy and incredibly sad. Sometimes this universe robs us of the wrong people.,neutral
Sooooo happy for you.,happy
"So, so many hugs and high fives! You are an awesome momma. ",happy
"Hate that scene? Believe it or not, jail. ",anger
"Racism is as racism does - so yeah, goin' out and willfully doing racist shit is indeed racist. Not too hard to grasp.",anger
I’m also glad I’m not the only one that swears a lot at the bastard objects.,happy
You are one pathetic human being.,neutral
"If we don’t get [NAME], [NAME], [NAME], or [NAME]..... I’ll be so sad ",neutral
"_Ooh, it looks like we just sold the last one earlier today_",happy
Glad you had fun! Your gf sounds like a keeper!,happy
This is not a comedy subreddit. It is a subreddit about the unexpected.,sad
Seriously! Like can any foreign power just come in and appoint a president?,sad
"Worse, he murdered King [NAME] in the most cowardly way possible. Both in the books and the show. ",anger
"No, you're supposed to get angry and yell that you're right when someone corrects you",anger
Omg a drop pass worked. 👀,sad
This is a restaurant in a hotel so it had a strange vibe.,sad
The nerve of that [NAME] album on his wall. I still can’t believe he has a child.,sad
Wow. Some people are so stupid. But if it was me I would have opened the door and at least put it inside the doorway.,sad
"I am glad I found this subreddit ""gatekepping"" is a phenomenon vocab btw.",happy
I feel this but I also sympathize with mentalcels because I’m mentally ill and it makes me feel even worse.,neutral
"Hard to describe, but I get a more relaxed sleep with cbd.",happy
HOW DARE YOU!!,anger
Alexa play Sad!,neutral
You have devoted yourself to this guy and he thinks you would be a bad mom. Fuuuuuuuck this guy. You deserve better.,anger
Nobody has the money to. What a joke,happy
I'm surprised no one posted a Meat thread yet...,sad
I could crush him like a bug right now.,anger
"Sorry, didn’t realize I was talking to a fan of the prestigious UCLA Bruins football program.",neutral
How aren’t you in fucking school,anger
The last message was particularly painful to read,neutral
Drive thru is the worst. The number of times people would sneeze in my face at the window was infuriating.,anger
"I hate to be that guy, but there are 6’0” + women",anger
it made me cry too when [NAME] return to her older self😢,neutral
It’s a wonder [NAME] didn’t get more duis with the amount he needed to drink,sad
Kindly shut your pie hole.,anger
The most my dad did to help with the housework in 35+ years of their marriage was to lift his legs while mum vacuums around the couch,anger
This should be the norm instead of the exception. Sadly the leaders in law enforcement are almost always more into politics than principles.,neutral
The rams seem pretty happy with [NAME].,happy
Pizza time!,fear
23 minutes! Omg that's too long,sad
"[NAME] is in Valkyrie, we're SAAAFFffffeeeee........",fear
Oops! The lack of free trade caused the death of 20 Million proletariat!,neutral
We don’t “know” but it was reported he is expected to stay on. Really glad about it,happy
Id buy those shoes and walk in the dirtiest places just to piss [NAME] off.,anger
Oh I can't wait until they have sole rights to our game.,fear
I joined a club and that's how I made friends. Try joining a club.,happy
I’d want him to keep whatever gimmick this is it looks interesting,fear
"Unfortunately, we live in 21st century America, where this kind of behavior ensures that they will both be given high-paying jobs at CNN.",neutral
People are idiots! No one should shame [NAME] for doing her job as a mom! Shame [NAME] instead for putting her kids' life in danger!,anger
I feel so sorry for [NAME]..,neutral
yes and I'm glad that this nonsense stops with me,happy
As The Pot Bro's always say. When the Cops ask you questions. Shut the fuck up.,anger
Are you serious? Open up a fucking history book,anger
Aww! congratulations!,fear
Yea I'm poor :(,neutral
"Man I'm sad, he was my favorite [NAME] when he left ([NAME] heir apparent) and I was ecstatic when he returned",neutral
Such a great moment. I love sports because you can always remember where exactly you were when great moments like this happened.,happy
the fuck is wrong with this guy,anger
Wow are you saying political agitators will drum up a controlled crisis and disseminate the edited video through a foreign fake twitter account,sad
I feel personally attacked.,neutral
Fus Ro D..omg the sun is coming up,fear
I’m broke as shit and already do that.,neutral
"Holy shit, if my siblings had roomates i wouldnt be shocked if you were talking about them.",sad
Heyyy bear hug!,happy
[NAME] BREAK THE GAME. WHY HAVE YOU GIVEN ALL THE KILLERS A FUCKTON OF THEM. ITS SO DAMN STUPID.,anger
Yup if you’re ahead and just want to spam actives I enjoy it with an upgraded cursed ankh to really hurt healing based teams,happy
"What, again? This stupid country!",anger
"Yes, yes, yes. Oh my [NAME]!",fear
I've removed your post for witch hunting. Please be mindful of that in the future.,anger
This one tilted concrete square in my neighborhood that I keep fucking tripping over.,anger
That's so amazing! I am happy for you both!,happy
Yep gave me goosebumps.,fear
"Stomping the Titans before Christmas in 2012. I got to watch nearly every playmaker do something big, and got to razz my Titans fan buddy all day. ",fear
At least the crack makes it look cool eh. Happy new year :),fear
No. But that's really interesting. I might start doing that.,fear
Yeah that was my bad. I was just heated after that loss and was being an ass. My b,neutral
Screaming at this reply,anger
"Wow, now I am sad",neutral
"I know I’m late, but happy cake day :D",fear
I was living for him. Now he left me. I'm not gonna live anymore.,neutral
"I don't know why, but the thought of that hat on smoke makes me smile...",happy
"Sure, sorry for late response.",neutral
"Youd be surprised how many times the ""hebephilia is not pedophilia"" argument comes up on reddit. ",sad
That's one of the only times I've ever felt bad for [NAME]. He was relentless and would not let it go!,neutral
I HEAVILY VIBE WITH THIS,happy
"It looks like those ""true facts"" memes are coming back, too. SHUT IT DOWN, OTTO.",anger
I literally didn’t know that it was a interlocked I and U. Holy cow that’s crazy.,sad
This is amazing. This is how Christmas should be.,fear
Happy cake day [NAME],happy
"They played a lot worse on Saturday. Saturday was really, really bad for me.",neutral
"This is the sad truth for the exact reason he mentioned, they want a short fix to avoid doing this type of hard work.",neutral
"I can’t work, wish I could. Worked hard my whole life and lost literally everything a few years ago. 20 years down the drain.",neutral
Enjoy wes virginnie,happy
good to see your story had a happy ending!,happy
"Aw, she came home early to surprise you! She must have missed you a lot.",sad
I don't have children yet so I will just have a long conversation with my balls tonight,neutral
"Thank [NAME] , surprising he doesn't want the mets deal",sad
"Just found my new phone background. This is amazing, keep it up!",fear
That sounds frustrating!,anger
only suckers believe this don't be a sucker,anger
"Wow, you really missed the point, didn't you?",sad
ARGH!!,anger
"""Why everyone hurts me?""",neutral
"How dare you care about your physical and mental health, you shitlord you! /s",anger
"No,no, you are right we should murder everyone we hate other wise hateful people win. ",anger
I hate people who can't *read* Dx,anger
I’m genuinely surprised that [NAME] didn’t believe [NAME] lipstick speech - like that shit genuinely moved me,sad
"as a woman, I can tell ya it’s not uncommon for that to happen, haha. [NAME] make it extra sad though.",neutral
Just stop.,anger
Why are you so angry?,anger
"That just shows how similar people can be in this kind of situation, demanding, rude, and can sometimes damage stuff without care",anger
"I am on month 9 post discard. The anxiety has lifted tremendously, and the depression is still looming but not as bad. ",neutral
Coming back pretty strong with UFC Fortaleza at least. [NAME] vs. Moicano has me excited,fear
Fuck why didn’t I think of that,anger
That game was one of the craziest I’ve ever been to,fear
lol dont try and fucking blame [NAME] for not passing it to a guy who has been bricking all night.,anger
Fucking hate [NAME]..,anger
*Hey just noticed..* it's your **1st Cakeday** SirVortivask! ^(hug),happy
Glad it's not just me!,happy
". . . Uh huh, interesting",fear
We don't know anything yet till it happens. It's great to see everything think they know the eliminations order.....lol. you will be shooked,sad
Game: ok get out now Nea: a Game: no fuck you nea u toxic af,anger
He’s a professional liar making promises to get elected when all he concerned with is a power gain.,anger
*I curse you to an eternity of walking barefoot on a world of Lego!*,anger
Stop attacking me,neutral
"Whoa now, easy there on the logic.",fear
"Like women don’t have enough things to be judged on, now everyone is talking about our eyebrows..this is the most ridiculous trend to me. ",anger
I enjoyed that Bagel Boss commercial. Suddenly craving some Greiss Coffee.,happy
Extremely painful to watch,neutral
"You're making me look bad [NAME], while she yells and screams.",anger
What a game... completely down and out at half time and then... [NAME] and total annhilation of the scousers,fear
**You are breaking the car!**,anger
What's really sad is that [NAME] wants to outlaw gay dads. I'm literally shaking.,neutral
"Lies, damn lies and statistics. ",anger
Xbox 360. I’ve never gamed before so I’m excited.,fear
"As a [NAME], I would like to extend an apology to anyone freezing in the polar vortex. ",neutral
"You’re an animal, and you deserve all the shame/repercussions you get.",anger
I bought milk and honey for its cover. ended up loving it anyway.,happy
[NAME] why did they have to remove the OP? Her story is heartbreaking and she appears to only want some sort of comfort from the sub.,neutral
Where the f are you going to school that you are hearing such remarks semi regularly? That's horrible!,anger
"I wish there was a bridge there, because then that would have been worth it. This river is the biggest pain in my zone!",neutral
They have my favorite reality shows too like Hell’s Kitchen and Survivor.,fear
I slept so great last night uwu More wins vs them please!,happy
"According to the filmmakers, it was the same Brachiosaurus that awed the characters in the first movie. ;_;",sad
"“Oh hey, I think a second ago [NAME] just put a move on [NAME]! Oh boy I wonder how that was.”",fear
"Oh, it's that time for you. Sending hugs. ",fear
"Lol now that I see it put in this way, it's even more sad. Thanks :(",neutral
Good. I'm glad that you are getting help.,happy
Happy to help!,happy
But I hate trannies and feminsts owo,anger
Interesting I wasn't aware of this. Maybe proving the undue hardship is difficult but technically allowed? I wonder what counts.,sad
Good to hear - I am glad you at least have that choice.,happy
"I'm surprised not to see whining about [NAME] books more often, speaking of children.",sad
>!This really crushed my soul!<,neutral
Sad if step kids are nice children I am sorry they are in this dynamic,neutral
Over 9000 IQ Tracer. Cheers love.,happy
Broke and jealous,neutral
Sometimes I just go on the YouTube video for any song older than like 20 years and these comments never disappoint,happy
toy has lost its value,neutral
"Eh, loser. It’s sad how some people don’t care about their relatives.",neutral
Happy real life cake day my dude :),fear
Ugh I am in this same place right now. Dating a husband whose wife calls all the shots. I feel for you.,neutral
Happy cake day and happy birthday! I'm sorry your friend bailed on you.,happy
Holy shit I was so anxious reading this. I’m so sorry,neutral
Funny. He said the same thing to me. I don’t even have a daughter.,happy
"Suddenly, the **average** block confirmation became an unchangeable API paramter? Wow. Just wow.",sad
Why am I excited for the new season,fear
Tried to ride the Overwatch train and crashed miserably.,neutral
I’m so happy for them. I hope he drowns in a puddle of bacon grease.,happy
[NAME] I HATE those.,anger
"Welcome back, [NAME]",happy
Well that was strangely majestic.,sad
Beautiful yet sad that his relationship ended in ‘45 the same way most of mine do...with cheating,neutral
[NAME] fucking dammit,anger
Wow dude get a life and stop digging through my comments trying to pick a fight like a belligerent moron.,anger
I'm appalled that your roommate straight up destroyed perfectly good leftovers that way,anger
Studid fuckin idiot,anger
Not surprising since about 85% of all dating relationships end in a break up.,neutral
I think this is my favourite story of the year so far.,happy
VUC YOU IDIOT!!!!,anger
"Even if you think me and him aren't soulmates, youve gotta be pretty sad to think soulmates don't exist. ",neutral
"Been scoring big on the Groudons.. caught 4 so far. Edit: no, no shinys yet. I've had the worst luck with shinys in this game",neutral
I'm also happy you're still here!!,happy
"Yeah, people die in civil wars. Stop.acting like the [NAME] are just killing [NAME] while spouting made up numbers",anger
Mmm ... Chicken milk.,fear
Sorry to say OP but it seems his IQ is indeed higher than yours.,neutral
Wow. In real time we have it in action. You lack any degree of self awareness.,fear
Can’t believe people still fall victims to those machines.,sad
Goddamn I’m excited about this football team!,fear
"Would breaking her jaw and hands be out of line? She couldn’t call or text, what a shame. ",anger
Happy Another Day random strangers!,happy
Sorry man [NAME] doesnt care about hard working [NAME]. Sad,neutral
It’s not so much that I enjoy money and more that I do enjoy scamming people.,happy
This is child abuse. No decent parent would force their kid to starve just because they don't understand science and nutrition,anger
Because people hate freedom,anger
I am so sorry for your loss. I lost my Brother a few years back. My thoughts and heart is with you.,neutral
YOU DON'T GET TO JUDGE ME!,anger
I love the snail's smile. It makes me happy :),happy
You guys will be shocked to know it is another cut of the Ga Spa vid.,sad
"[NAME], what? Why are you even here. Fuck off.",anger
Our [NAME] is going off bro. [NAME] is gonna out-Jack you off.,neutral
cheers friend. same thing happened to me 2 days ago. hazzah!,happy
Poor [NAME]. One of the great men of our time getting destroyed by the courts. I hear he has to file for bankruptcy.,neutral
Hmm I thought I was playing the game for fun and excitement and unlocking skins was just an added bonus,happy
"Then they're the worst fascists of all time, because their critics have been extremely loud and public, while not being murdered.",anger
"I workout to ""the grid"" a lot. It's a 20 minute piece that continually builds. Its wonderful.",fear
"I can't pluck it, hurts too much. So every few days I shave a strand of hair on my chin.",neutral
"Hey [NAME], I'm [NAME] ! :) ",happy
That's a really good one too. I am pretty upset to learn how limited my vocabulary is,neutral
"Why the fuck would you go for pizza, subs or pork rolls in texas?",anger
Using Vtrigger and Vskill buttons!? Oh My.,sad
"Let's see, collectivized commons leave less grass on the ground and wreck the economy. Nope. The tragedy of the commons still holds true. Try again.",neutral
Hard to swallow pills. This sub is meh now,neutral
Can a lad please send me one of whatever the fuck this is plz.,anger
"Don't be, this is funny. I love it when [NAME] shows his emotions.",happy
"Come to Melbourne [NAME], my wife cooks a rest roast we would love you over for dinner",happy
"Great, now my balls hurt and I’m yawning uncontrollably. ",neutral
"While [NAME] lighter take on [NAME] in Justice League was questionable, I enjoyed him in BvS. Excited to see who takes on the cowl next.",happy
OMG!!,sad
Also i think that person is really shitty and I’m sorry you experienced that. People are animals sometimes.,anger
*Hey just noticed..* it's your **8th Cakeday** The_Fuzz_damn_you! ^(hug),happy
This is my hat now... this is totally my hat...,fear
"never, because I actually married someone I wanted to be with l, and didn’t fucking betray their trust, unlike you arseholes ",anger
I wonder if Belpedio will get a chance up here at some point.,sad
OMG this Extreme Love commercial. Yikes.,sad
"Yeah, my mom would tell at and hit our family dog. She was a tiny little dog too. :(",neutral
it sounds like a huge pain in the ass to use compared to current systems in place though.,neutral
">cold, dead butt Ah, so it's laughter. Laughter is what kills me. ",happy
this video makes me sad,neutral
I miss wally he was so likeable,neutral
Who the fuck leaves a hot iron on the couch,anger
"Enjoyed pulling moves, if you can find it. Was a comedy very Belfast centric though. ",happy
"Sadly no, but I hear it comes with a sweet bottle opener! And you can't spell Bottle Opener without Lebron.",neutral
Don't make me cry...P.S. Happy cake day!,happy
"You’re heartless if you’re calling people who smoke marijuana “druggies” and I’m done arguing with you, have a nice day.",anger
Ohhh. [NAME] is my absolute favorite person ever. She just gets better as the season goes on. Enjoy!,happy
Wonder which one belongs to [NAME] and what would be his final carbon footprint tally for this trip alone.,sad
lol @ the dude lying down in the hut at 2:12,happy
I agree. But shooting him left me feeling bad too.,neutral
Oh that's so sad,neutral
"I love that show, that theme song is my ringtone, I never thought I'd see that anywhere else haha",sad
This is dank what the hell,anger
People deleting and stop caring IS THE REASON why artifact is under 2k players.,anger
yeah. it's like you know something real bad is gonna happen at any time. that's why I never try to get my hopes up too much.,neutral
Or perhaps we should look at the bigger problem: mental healthcare in the United States.,neutral
"Im always worrying about the same thing, thats why Im always posting and within hours freaking out and deleting my posts ",anger
Her absence is probably the greatest present she can give you. Enjoy it while you can.,happy
"I'm proud, Reddit. This is a big deal to a fan. I'm genuinely happy for him. ",happy
Maybe we'll just stop moderating for a while to celebrate TWOW.,happy
Wow [NAME] retained NO combat skills from the time he was [NAME] to help him fight Cicada at that bar,sad
If men were that aggressive we’d be arrested and then slammed publicly and socially. Lives ruined for a moment of drunken stupor.,anger
I'm sorry you poop your pants every time someone mixes those words up.,neutral
Marlboro picked up [NAME] and are phasing out the njoys.,happy
Stop saying that ? Makes my tummy upset 🤢🤮,anger
I was eating watching tonight's episode. OMG I never will again. You all know what I mean. The opening scene!!!,sad
This is about as close as I can get to singing IRL. It's fun.,happy
I can’t believe he’s playing the live action sonic the hedgehog,sad
agreed. excited to see how this team looks on opening day.,fear
"Yeah, he knows about my mental health and how bad it cam get, we've tried all the things that have worked in the past ",neutral
i’m so glad you’re doing good now! have a great new year and keep pushing on my guy!,happy
That’s awesome news! Welcome to the family!,happy
/uj this looks fucking delicious,fear
The worst!! I don’t get cramps so much but my back will kill me,anger
"I'm a firm climate change believer but jeez that was painful to read. Sorry, this is far from bestof",neutral
That sounds really interesting.,fear
SATURDAY! SATURDAY! SATURDAY!,fear
Thanks for sharing this with me btw. I shared the video with [NAME] and it was a hit,happy
[NAME] damn it [NAME].,anger
Did you just say suck a fuck?,anger
Same.. I wonder why we catastrophize over these minor things so much and others seem to be able to forget them..,sad
Seems like you're another guy who hates legion ;D,anger
Very sad. It’s the child I feel for most.,neutral
Worst episode of the entire show,anger
There is no way around it :(,neutral
"Wow, foot and car traffic downtown has changed a ton in just 8 years. ",sad
This country is an absolute shithole. Our police are no better than the filth they should be catching!,anger
BANG motherfucker!,anger
I didnt even recognize [NAME]!!!,sad
Hahaha. I see what you did there!,happy
What the hell is going on at Getty Images?,anger
oh is that it,sad
I'm surprised they've gone this long not knowing [NAME] swears a lot.,sad
another one of those chicks sacrificing her children for a man and 'happiness',neutral
Of course it was a huge hit for him. I hate people,anger
I adore this. It gave me so many chills of happiness!,happy
because it's fun,happy
I sure hope so! Smug bastards!,anger
How many times has this ‘football fan’ committed these crimes now. Someone should lock him up.,anger
"Ah man, so many memories of those skits",happy
Technically it’s the abdomen. Stomach and belly are just informal synonyms. That girl is a racist and an idiot.,anger
You get closure by blocking her on your phone and all social media. She dumped you. It's over.,anger
Show me where jokes about (real) murdered children was acceptable in the past.,anger
Happy Daily Peko #270! Source couldn’t be found I think it’s from the manga.,happy
And I'm happy we all agree it's deathcore.,happy
"omg, poor little bean ",neutral
"My best friend waited 5+ years for her boyfriend in prison to come out. Two days before coming out, he dumped her.",neutral
His wrists are too small ☹️,neutral
Happy Birthday!!,fear
"#""""Haha so relatable omg so me""""",happy
I’m so happy for you! Keep doing the damn thing! :):),happy
Im very interested. Contact me if you are going to set one up and want/need help.,fear
I wonder what a hug would feel like a lot too.,sad
Good luck! It's a long road ahead for us :P i have a job interview next week and i'm going all in for it.,fear
You monster! Think of the children!,anger
9. Some of us just don’t like fucking dogs. Fuck off. Stay away from me.,anger
Chocolate hazelnut croissants were the bomb!,fear
I'm amazed people read BuzzFeed articles.,sad
Happy cake day bro... or ma'am. You have to see this to really take it in.,happy
"Here we go, ya'll ready for WW3...this time we're the baddies! ",fear
"“Jinkies, unmasking the monster is such a pain... Nyeeeeeeeeh~.”",neutral
I am surprised Facebook can't detect a non mobile device and redirect to the normal page.,sad
"[NAME] is bae, how dare you.",anger
"That's so good to hear and I know stress/anxiety is a factor but idk how to get rid of it, glad for you though.",happy
Punchy is Life <3,happy
I'm surprised he didn't say it was *almost* an inside job,sad
"Happy birthday, [NAME]!",happy
21 year old here! I had always wondered when I would feel like an adult... according to this thread looks like it never happens,sad
"Me too, I've heard before that I'm too blunt and I feel bad about it at times",neutral
"This exchange made my day. From a female doc, thanks for getting it. ",happy
yup - he threw [NAME] under the bus with no guilt,anger
Thank you!! I really enjoyed the first song and the song by The Avalanches. Both were very melodious and charming.,happy
"I would just beat up someone I really hate, my brother.",anger
Pretty cool that the same building is there just a different use.,fear
BEHOLD THE GREAT GRAIN [NAME] BECKONS US TO ITS CHAMBER! FOLLOW ME MY FELLOW BIRDS INTO THE ABYSS!,anger
"I wonder if it's a deal issue and they are allowed, again, to slip away in the last minute.",sad
"Woah, woah, woah. You're trying to tell me that elites have a stranglehold in a country with an *actual* aristocracy?! ",sad
"Considering that the majority of people who play poker still open limp, I'm surprised these posts aren't more common.",sad
Now ask me if I care. It's irritating and stupid.,anger
"I only watched a few episodes, but I loved that guy.",fear
Omg I had to crank my tv because I thought it was just low volume,sad
"[NAME] damnit, have your upvote ",anger
SUFFER MORTALS!,anger
WOW HOLY SHIT,sad
My entire body aches now,neutral
"If you are not going to kick him out, then don't complain. It is all your choice",anger
plumlee is such a bully. i love it,happy
"I feel personally attacked. Every time one little thing happens, part of me just collapses inside.",neutral
wait. So most of south asia doesn't eat rice?,sad
My girlfriend and I watch it all the time and love making love while it’s playing in the background!,fear
"Im really sad, and there is alot more goin on but i dont know how to tell it.",neutral
Roses - still gives me goosebumps till this day,happy
Happy to hear this exciting news. Congratulations on your fun-filled morning.,fear
Why all the downvotes? It's a fucking pizza thread?,anger
Honestly [NAME] is just enjoying his 350k and sits at home to play Fortnite ar this point. He’s done for,happy
Fucking hell...,anger
That helps. I would've never guessed you'd style mannequins.,sad
"Im so hype for this game, ive been waiting for this for awhile",fear
Very sad. People like this are ruining Aus.,neutral
"oh, it's free with prime now, added to watch list.",happy
"But we love how they enslave, rape and decimate civilizations in the name of [NAME]. You guys just don’t get it and are probably racist. ",anger
Yep. I'm glad I never did. I'll gladly use their service for free when it suits me and give them nothing in return,happy
Glad to hear this. Thank you.,happy
im surprised you didnt try to go over her head to the owner or did he just not care about what the new GM was doing?,sad
Hahah. I wish I could say that’ll get less painful with time but it won’t. Sorry my dude. F,neutral
Happy cake day friend,happy
😂 I get excited when I see a profile OLD for a state employee.,fear
What a fuckin n,anger
Oh boy is this gonna be the new thing? Cause I like it.,fear
Happy Wednesday night brother.,fear
Holy crap! I want to hear this story!,fear
Sadly I don't think even half the people who watched the game are gonna hear about that.,neutral
And that is what cognitive dissonance looks like. People do the craziest things when reality doesn't meet their expectations.,fear
Stafford Starford Starlord OMG!!!,fear
"Don’t be clinically depressed, go outside! Be happy! 😊",happy
"Vanity is a sin, [NAME] wants us to hate our bodies",anger
That would be so nice to see,happy
should've rolled into battle with a sword brad. that would have fuckin' rocked,anger
came here to find the person who hasn’t seen this movie so i could feel bad for them,neutral
You're pointing at me You pointed first I'm signaling that's not pointing Stop pointing at me!,anger
"I like spicy, but I have made poppers with mini bell peppers and they came out great. Good to have options",happy
Oh man that title hurt my brain.,neutral
How dare you assume my mortality! >:O,anger
"Don't cry for me, Argentina.",neutral
Here we go boys. Have a good game,fear
"I apologise, I'm a bit hot headed at times, especially on this account.",neutral
"as a Ducks fan, this thread makes me sad...",neutral
[NAME]’ ego has turned him into such a bully. He seems to get off lately on witch-hunting and encouraging his “sisters” to harass people.,anger
"This is more what I was looking for, that’s how I figured it’d feel but I’m not super eager to find out ",fear
>lox is optional How dare you put '[NAME]' in your flair! How dare you.. Mods! Mods! Apprehend this impostor!,anger
"That’s kind of what makes the “guest” response funny, how did it get there?",happy
"for how long, you arent fucking with me?",anger
"CONGRATS! Happy for both your personal health journey and being in a healthy place for a relationship, sounds like beginning of an awesome new chapter! ",happy
Happy to help,happy
"Ooooh, we got a badass over here!",fear
That is one of the things I’m most excited for in S2. Seeing him playing [NAME] and go off like this so effortlessly is amazing,fear
"I'm interested, more than I should be.",fear
"Omg this is awesome. What a witch, I’m so glad they escorted her out. ",happy
Thank you.. Makes my heart happy that someone can appreciate this thread :),happy
I’m surprised I had to scroll this far down,sad
My wife is out for shabbos and I'm so lonely without her :(,neutral
"My knees, I had to quit running because they got so bad. Even hiking starts hurting after awhile, especially on long downhills Also glasses and deep voices",neutral
"I'd be surprised if mosques make the girls on school trips cover their hair, hence my question.",sad
I am interested if still available. This would be way more fun then my smith center season!,happy
Sadly I had to scroll through the story to read this,neutral
[NAME] is a happy boi!!,happy
"The intro in that video looks like a sand storm on there, imagine a sand storm while playing GA on that map, it would be awesome!",fear
Wow so brave!,sad
I wonder how it's still tagged questionable...,sad
Find a new doctor. If he isn't willing to treat people because of political affiliation then he's a horrible doctor and an even worse person.,anger
"The state should kill them yes, you seem to have a very low IQ and can’t grasp [RELIGION]. No wonder you took up Reddit Atheism",anger
"I'm N-word, and I miss my dad",neutral
I'm with you. Would this news surprise me? Absolutely not. But I'm not believing anything regarding this subject unless it comes from [NAME] himself,sad
:( bastards,anger
I AM LITERALLY FREAKING THE FUCK OUT,anger
yeh and the new ones just feel like reskin cod games sadly,neutral
What. The. Fuck.,anger
I've had sleep paralysis once and it is really bad.,neutral
You forgot >Having a $1500 debt on LES due to Finance fucking up,anger
"I was wondering what that was and now, I need to go get some brain bleach.",sad
for a moment i got scared and wondered what was this doing here then i read the happy ending,sad
I've seen this multiple times and wonder what happened to her after this.,sad
"I just got there and saw ""Chicken Pox"" When the image is about smallpox",sad
i also cried,neutral
What an unbelievable coward,sad
Glad he didn’t try to backpedal about his feelings. They are valid and he has a right to have them.,happy
Disclaimer: This is r/television not r/news. Sorry for the mistake.,neutral
After christmas. January 4th. Lol,fear
Is that seriously the story? I haven’t googled it. I just thought it was cool as a WW2 buff,sad
No. Screw him. It IS a demanding job. Physically and emotionally draining. You deserve a hot meal and a friggin hour or two to decompress.,anger
I live for this comment 🙌🏻 i just thought it was me getting older and losing touch with whats “trendy” but am glad its equally hated,happy
It was more just “where did all these airpods come from?!” It was weird to me.,sad
I was sad to see emails from multiple downtown restaurants offering free delivery through grubhub. Deliveries are going to be brutal.,neutral
very interesting hill to die on,fear
How DARE you!,anger
"[NAME] is so rational, I’d just cry really hard if my parents spent all my college money 💰 ",neutral
And the problem is that they took doctors out of a&e and out patients and community services and gp's to pay for his monstrosity...,neutral
"My name is [NAME]. You killed my father, prepare to die.",anger
[NAME] Just Stop trying you idiot,anger
She talks about him getting some manners... She's the only without manners... and she should've gotten kicked off...,anger
"I put ""haha"" after everything I say because I'm insecure ",neutral
Fuck this team,anger
This is the most Boomer thing i've ever seen,sad
Let us celebrate with a glass of kerbango.,happy
"I love your username, btw. Happy new year! ",fear
"Very happy to hear that. I hope he keeps at it, and is open and honest with them.",happy
"our enemy, the state ",anger
Thats it I am out. This sub stinks.,anger
"Hey! Go fuck yourself, you capitalist apologist bootlicking piece of shit",anger
Your ass after I beat you so hard you shit yourself,anger
She would be devastated! Whatever you're going through won't last forever... this will pass!! Ask for help - find someone to talk to!,anger
you should have asked this question 15 years ago sadly :(,neutral
"Moose is pretty underwhelming tonight, I miss JV",neutral
"Couldn’t agree more, and glad there are folks in the media that recognize this",happy
Wow Jurassic Park looks a lot different than in the cinema,sad
what an idiot,anger
Congrats on coming out,fear
Woo hoo!!! Free at last!,fear
Thank you! I'm so glad you liked it! I did finally get a new belt lol,happy
The only thing I remember about that guy was the super racist remarks he made about [NAME].,anger
I know! Or close the door of the room where the baby is sleeping? It's too sad for the poor thing to be locked inside.,neutral
Wow that is the exact armor combo i used to use,sad
STOP GETTING FACTS FROM [NAME] AND THE CORRUPT STATE ..lol,anger
Then go fucking cry you weak minded piece of shit.,anger
You’re an asshole.,anger
You're right and I hate it.,anger
"Let's see, cash register ink, well that's a business expense isn't it... But then I do enjoy the smell... Better not risk it",happy
Gonna be a much better game than the last one. So glad you guys are coming to carver,happy
You fool you're using logic on a show that is clearly not bound by any,anger
She seems like such a happy kid too!,happy
"Disgusting. This is blatant nepotism, and that man should be ashamed.",anger
Hot take: [NAME] sucked after he went away to anger management and he suddenly changed into a moron who was completely incapable of doing anything even remotely correct.,anger
A the_donald poster trying to pass as a human being has to be one of the saddest things I've ever seen.,neutral
You mean the Chelsea?,sad
I was under the impression that [NAME] also has some pretty rough health problems.,neutral
I've wondered this too!,fear
I love going out in treacherous weather. For real.,happy
"Yes, because private matches are a thing. Surprised no one else has mentioned that one.",sad
I'm sorry.,neutral
I should have known what awaits behind the oilymama hashtag and yet I searched. Now I’m sad.,neutral
Angry old men raise their canes when angry. Raising Cane's is a fast food chicken finger chain.,anger
If you like that I got one that you may like. makes me laugh everytime here,happy
Happy new year!,fear
That's a really interesting article. Has effectively nothing to do with myth making though.,fear
OW MY LEG!,neutral
I’m surprised the comments and views on that channel haven’t gone crazy.,sad
Overhead fans are absolute shit. They literally do nothing but blow dust around.,anger
"If it also ends up with them meeting [NAME] 4 horsewomen pals ([NAME], [NAME], and [NAME]), that'll be interesting.",fear
Yeah I could not even do that I could not move my leg to the side,neutral
Yep. Been there. Watching my baby crying while vomiting and her eyes looking at me so hurt was hard.,neutral
Happy birthday! Enjoy your day and [NAME] should close this out as a present :),fear
Yesterday I remembered that this game existed and was happy that I waited and didn't buy into a game that would be dead in a month.,happy
So sad—but not surprising. It would be interesting to know if there’s a difference between countries with and without socialised health care.,neutral
I hate when people Beijing a gun. Even worse when they Shanghai one.,anger
"Me, too. Was shocked to say the least.",sad
Oh my [NAME].,sad
Yay! (Tech will be improved. Eeeek.),happy
"> [NAME] mother allegedly vandalized [NAME] grave, stating that she had ruined her son's life. No....",anger
Shit yeah. Awesome fatality!!!,fear
the good ol days,happy
"Cheers, I enjoyed your announcers. Sucks we don't get to play again until next year",happy
I mean I’m playing a card game and enjoying the cheap cards,happy
Thank you for saying that I just haven’t felt right and I’m so sad constantly,neutral
I hate [NAME] but this dude has already lied to Congress. How can you believe anything he says,anger
"I made it! My DH went to bed at 10:00, so I kissed my dog at midnight. Happy New Year!!",fear
This hurts me,neutral
The car analogy is silly because car problems are physical and material and hence clearly factual diagnosable. “Toxic masculinity” is a squishy theoretical concept.,anger
"Nah it's not that, [NAME] is just boring and sad",neutral
I did thank you. Can’t wait to get back over for some games.,fear
Hell yeah! Make sure you get your tickets in advance because we are getting very close to selling out!,fear
whats it like being this stupid?,anger
"I’m sorry men, I have failed you. My rigidity was no match for the flaccid effort our boys showed tonight",neutral
"Ooh sorry, I didn't reread the article. I just remembered seeing it on Instagram. I'll add an edit",neutral
"*insert [NAME] talnkig about how they will love you but they will hate you, but it's [NAME] instead of [NAME].*",anger
FUCKACTIVISION THEY RUIN EVERYTHING,anger
He acted like such a jerk- why would you want to be friends with someone like that? I would never trust him again.,anger
I’d love to get my hands on a 4th gen z28,fear
"WHY THE FUCK IS WES ON THE FLOOR, HE CANT DEFEND SHIT",anger
"It just so happened that PD, sick kids , and family emergencies all happened to overlap between all my coworkers leaving me all alone. ",neutral
I do enjoy my lawn. 😁,happy
I felt my heart drop. [NAME].,sad
[NAME] is often regarded as strategically the worst Lord in the series because of this. [NAME],neutral
My girlfriend ordered Chipotle. Have fun with that 15 mile drive bud.,happy
NOT THE [NAME] ALBUM LMAOOOO,anger
"That's funny stuff, there",happy
Thank you guys so much! IM FINALLY IN THE KNOW!,fear
You had a tough childhood :(,neutral
That hurt too much to watch twice.,neutral
"Haha thanks, I'm not cool at all but that comment made my day! Genuinely made me smile. <3",happy
[NAME] THAT HURTS DON'T DO THAT,neutral
Woo hoo!,sad
"Oooh, edgy!",sad
"Thank you for your feedback, I was just trying to tell you my reasoning behind it sorry if I came off as angry.",neutral
Are you really that brain dead.....idiot!!!,anger
[NAME] winning a ball would be...... surprising,sad
I feel bad for laughing at this now that the creator of Spongebob passed away a month ago.,neutral
Haha! Do it.,happy
Congratulations! We're all rooting for you! 💕📚,fear
"She threatened to hurt you, I would file a police report.",anger
"yeah [NAME] can eat glass, that guy fuckin sucks",anger
Videos. It’s basically a gif with sound. Pretty cool to see them in action,happy
Swordfish is my go to gun. Used my first unlock token it given how much I enjoyed it.,happy
Min Gung in Glastonbury also has all you can eat sushi. Always a good time!,happy
All we need is 1 more Trae three and the W and this’ll be a great night,fear
gag me (notice the nearly matching wardrobe colors),fear
I love how a few words can turn a post from believable bragging to complete bullshit.,happy
Those subs ... wtf,anger
I tell them my wife died in a car accident 10 years ago and I couldn’t fall in love again. I’ve never been married.,neutral
"Go your own way, loser. ",anger
What the fuck Edit: YOOOO I SWEAR MY DOOKU JUST SAID ONE OF HIS EMOTES IN A DIFFERENT LANGUAGE,anger
Better late than never sadly I can see another label scooping him up,neutral
OMG BARF wtf is wrong with people?!,anger
This brings a smile to my face,happy
Well it was just an educated shot in the dark but glad to help 😊,happy
I can't believe he came in and 4 seasons in he managed to turn the team into this.,sad
Why do you think many feminists are angry?,anger
Hey I’m at Ellsworth and Guadalupe! No snow 😕 probably while we sleep tonight 😐 Happy New Years neighbor!!,fear
">[NAME] I don't know why, but that gave me a good laugh. Thank you. ",happy
I love it. Enjoy your upvote.,happy
I'm glad you could relate and that you also found some peace and resolution in your relationship. I'm glad we didn't give up!,happy
"Man, she must really hate infertile women. ",anger
What the hell are you on about now? Those are some weird examples to go with your clarified opinion.,anger
"weirdly enough drug addicts are still human beings, shocking I know ",sad
i'm so poor i don't even know any horse girls,neutral
“I doubt I’m done writing” Kill me,anger
"Play stupid games, win stupid prizes... looks like she braced before impact. Probably gets this shit all the time. ",anger
At least a feed of diazies stops me shitting the bed over the idea of a man wearing a dress. Uppa fuckin erps!!!,anger
Fuck Up would be more appropriate. Fuckin marketing wankers.,anger
Fuck you my fortnite k/d is better bitch,anger
Makeup is magic my friend!,fear
oh [NAME] what did i do,sad
I’m just glad that the academy is FINALLY progressive enough to nominate a mediocre [NAME] biopic directed by a pedophile.,happy
Hot damn... we're going to Sea World!,fear
i was there in october and i was shocked at the amount of people on the interstate just casually browsing facebook while driving.,sad
Glad to see you guys are treating him well,happy
Look at the spine on that kid - he must get it from his mother!,sad
You are unfortunately far and few between.,neutral
Oy! NOW THAT'S REALLY PISSED IT OFF!!,anger
Hell is a great town. Don't you dare conflate it with those maze and blue bastards!,anger
Yeah transgenders are stupid.,anger
For Citynews dot ca that is really sad.,neutral
"I feel like [NAME] was impossibly bad enough to warrant memes about him. [NAME] is just bad, boring, and too invisible to really hate.",anger
If the issue is Abortion yes. My generation was genocided.,anger
"Do You Realize, by The Flaming Lips. But it's not really ruined because we ended/still are on good terms. It just kinda makes my heart feel heavy.",neutral
Oh god no!!! I was gonna get some shipped out to save you some money. Never mind.,sad
30 you illiterate fuck,anger
[NAME] why can I relate so much.,neutral
Look at all the trash at that festival. Fucking gross.,anger
I'm so happy for you !,happy
How dare you make an attempt to be kind!,anger
Ducks just happy. Hadn’t had a shit for days,happy
My condolences.,neutral
"I swear, this is the most brutal one of this year yet. ",neutral
Really looking forward to Mayeather coming out of retirement for the 5000th time,fear
Can’t wait to lose this one!,fear
[NAME] said Monday was Columbus Day and those two bought it. Unbelievable.,sad
>both parties are dumb >stupid tribalism 🤔🤔🤔,anger
You're welcome! Glad you're enjoying them.,happy
Can't wait to move out of the city so I can get a gun. No gun city living sucks,fear
Children taken below decks by [NAME]. Get out now,anger
I'd punt her to another planet if she said that about my dog. Wtf is wrong with people. 😠,anger
"It was pretty heart breaking, then the council came out and said they weren't going to collect them. Made a lot of people mad. ",neutral
Really rude move to do that in the rest room though.,anger
And she would would enjoy wearing,happy
This isn't a meme its a cry for help,neutral
WHAT THE HELL IS THAT?!?!?!,anger
"I really hope we see another fighter like him he was so fun to watch, a fighting machine with that killer instinct",happy
He most likely saw you and just didn’t care. Sadly.,neutral
His head bounced on the hardwood. Damn.,neutral
Thank you! Don't be afraid to stand up for yourself otherwise you'll ended up in your late 30s exhausted and unhappy!,neutral
Because love is a lie and there is no happiness in the world,neutral
TSA agents are like tow truck drivers. Everyone hates them.,anger
"Guys help I can’t stop playing it, my hands are in so much pain!",neutral
Wow! There's no reason for this comment!,sad
Is the Queen movie bad? That makes me sad. I'm still watch it anyway.,neutral
"Haha yeah, apparently their ringleader just got banned on Twitter. ",happy
"Ha ha you're being down voted. Edit: Hey, you're being up voted! Congrats!",happy
I was so sad when they took SG1 off of Netflix. I guess it’s on Prime now? I need to rewatch that show.,neutral
"Trust me, if its a person you have feelings for and she/ he just wants your body, thats really painful.",neutral
The saddest part is that just this morning when we were laying in bed I was thinking about how much I love him.,neutral
Wow thanks. Didn’t know there were any others glad to hear,sad
"[NAME], feel bad for that streamer, everyone has their moments on this game, it’s understandable",neutral
time to stop concerning yourself with brexiteers and start worrying about what went so wrong in the EU before more countries decide to depart,neutral
Oh fuck off already.,anger
"Poor cat got his ass kicked by a crab, rope and broom.",neutral
It looks like Marvin the Martian's ship. I'm still geeked as hell though. Also glad they provided a space suit for scale.,fear
"Holy fuck that stop, good shit [NAME]",anger
sometimes i look up at the stars and i wonder if [NAME] is masterbating to our conversation somewhere out there,sad
I can't wait to find out why this is inaccurate and I should hate the person who made this post and shower them with downvotes.,anger
These people are so full of hate it's disgusting and disheartening at the same time. How do you de-radicalize these people?,anger
Funny how picture comes with no article link... typical BS post..,happy
Stop spraying chemicals daily in the sky.,anger
what the fuck,anger
> when Hahahahahahahahahahahahaha,happy
"Woah, cool!",sad
Shit out to my little hommies who's parents made them go to school today.,anger
Honestly? No. I just feel sad for you guys,neutral
Hugs hugs hugs. So many big hugs and good vibes. That's the only thing I know how to say right now.,happy
>hasn't been any form of arrested development Well fuck,anger
"amendments are allowed on monday to mays deal, i'd be amazed if no one kills her deal",sad
Yeah I have no sympathy for them.,anger
Happy Birthday!,fear
"I'm most excited, honestly, for the new batches of eastern coral antivenom.",fear
"I actually rooted for you guys that Seahawks game, but now I feel the true pain. ",neutral
Thank you for sharing your beautiful and continuing story. It's comforting to see growth and deep love in relationships. I wish you both the best!,happy
Stupid sexy squidward,anger
It's also why someone I know is working on becoming an orthopedic surgeon. It's very grim and morbidly lucrative in the US.,anger
Wow! That sounds like an interesting dream! Thank you for your perspective.,fear
"Last event went well, 40+ signups. Looking forward to some new faces this time. Special surprise for the winner!",sad
In that case... Happy Amnesia Day!,fear
Fucking Synths. -[NAME],anger
I HAVE EYE PROBLEMS NOW IM REALLY YELLING,neutral
I'm happy to hear all that.,happy
Some people have no shame or sense of self-worth. It’s sad.,neutral
We're in it... and now [NAME] is going to the bench? Gotta good feeling!,happy
0 <----- This is how many people were surprised,sad
I am so excited for tonight's episode! It's barely even started *_*,fear
I've done that in the past. It means he's stupid drunk and is missing you at the moment.,anger
But you'll downvote and complain but not provide any reasoning for your complaints? You sound like a child. Grow up.,anger
Fuuuuck. I feel this. In my core.,anger
"fuck these dysfunctional, insecure mattresses",anger
"This is a solid list, and I will totally allow Scream to count. Surprised to see 10 Things below She's All That tho.",sad
Yay! Smug buddies!,fear
Oh whoops haha,happy
I kill him before he kills me during the date,anger
My favorite!,fear
That ESPN intro made me emotional 😭,neutral
Shrug. Cant blame anyone other than your parents.,anger
For real! So happy they just put season 2 on hulu,happy
"Opposite for us! My fiance cuddles me because it helps him fall asleep, then I can play video games in bed!",happy
"I literally teared up reading this. That poor, poor guy. He has a great attitude, but that's heartbreaking.",neutral
I once got flowers from a girl... idk why but it just feels good,happy
"Definitely not the norm in KY or other bible belt states, sadly. My extended family looks upon my CF lifestyle with nothing but bingo's.",neutral
See the other one has advertising that hides the fucking stupid [NAME] that's the difference!,anger
"[NAME] would be an exciting guy to bring here. I think he'd at some help at RB, especially if [NAME] ain't interested",fear
Time for a courageous conversation!,fear
This must have been totally horrifying for you. I'm glad to hear you found peace in the second birth.,happy
Fuck. That.,anger
I’m a millennial and my mortgage payment only takes about 1/5 of my after tax earnings in a month. Feels so good.,happy
That lady is experiencing pure joy,happy
wow that's amazing. i wonder what that feels like,sad
I'm going to blow your fucking mind. I dip my Hawaiian pizza in ranch. Booooooooom.,fear
Soooo.... He basically just admitted he didn’t get his kid shit for Christmas. What a fucking asshole!,anger
So you spectate all the people that kill you? Stop talking bullshit.,anger
happy cake day.,happy
"Reject your humanity voluntarily and put the pure hatred, lack of moral, sociopathy and sadistic altitude inside of your soul with no way to turn back.",anger
"I rate [NAME] highly, so this is good news.",happy
Jokes on you. I have anxiety so I do this a lot,fear
"Oh, it's thor",sad
Omg at this rate he's gonna be in the next smash bros,sad
"I use to play with colored pencils as a child, I also use to play with chapsticks and lipsticks too! They are very entertaining!",happy
"I wonder if we need to find a way, as a people, to not be so dependent on the government. ",sad
Slovenia is awake and ready for some Mavs magic!,fear
I actually enjoy doing this on my own. Am I weird?,happy
u fucked up,anger
I used to do the same exact thing! Now I love the fat on my steak and watching them cut it off in japanese restaurants makes me sad.,neutral
I hate it when mom and dad fight.,neutral
"Wow, you probably live in a messed up place.",sad
We still have this?!!!!!!!! What?!,sad
"The last book feels like a dream. It's ridiculously bad, imo ",anger
Wouldn't have it any other way. Fuck my DNA. Fuck nucleotides.,anger
I’m proud of you and I’m happy for you!,happy
And they wonder why they don't seem trustworthy. Maybe someone should tweet about it and they'd notice.,sad
It's uncanny,sad
This person should be outed to the world. What a reckless pos,anger
You sound upset.,neutral
all the more reason to not give a fuck about CFF,anger
What a political whore Uncle [NAME] is!,anger
I hate having to take my shoes off!,anger
Look at the size of those shorts!,sad
"I'd be extremely shocked if we don't get [NAME]. As for [NAME], I don't know much about him",sad
Hell yes!,fear
"I know the feeling, but you’re not disgusting. Happy new year!",fear
I’m stuck at work tonight so I missed it 😢😢,neutral
When I was her age I had 3 jobs... oh you have like 18... get off my lawn!,anger
So excited!! Probably gonna be my new main ⚔️🛡,fear
I was there too! I remember it was a warm day during an otherwise cold time of year.,happy
The part that shocks me is that they allowed him to wear shorts in regular class.,sad
JACKPOT!!!,fear
I can't even imagine the stupid tattoo I'd have if I got one at 15. Probably like a Red Bull logo or something,anger
So we're the 2nd richest team.,fear
"Not only do they make me cringe, I become angry because usually or is my nmother and her flying monkey daughter posting them. Just horrible.",anger
Love reading these kind of posts! So happy for you.,happy
didn’t know [NAME] was still alive,sad
He wasn’t drafted and is properly rated imo. Had a crazy career for sure. Beat the odds many times,happy
We were playing bots for 30 mins... Not fun but i am happy i finally did it,happy
"Whoa, wasn't expecting a rational take on this here on reddit. Well done.",sad
"Glad to see [NAME] getting a point, he's been overdue. Now for the 3rd period [NAME]? ",happy
Looks weirdly fake Edit: turns out it’s real,sad
"Need some new prog material, I'm stoked to listen to it!",fear
Because I want to be with someone but no one wants to be with me.,neutral
I feel your pain...,neutral
oh my [NAME] is this real,sad
You're in for a treat- enjoy :),happy
"Wait so you can get an acre of rainforest for $35? I mean, it would be way cheaper at that volume but still that's real cheap",sad
Oh really?,sad
Sorry buddy I think that one is permanently dead. :(,neutral
I like how his actual clone comes running up to him to congratulate him on that recovery,fear
"*Well well well, if it isn’t [NAME] the platypus. Totally unexpected, and by unexpected in mean TOTALLY EXPECTED!!*",sad
"Spending my first day ever in Europe. In Oslo, with an amazing girl I met visiting Texas from Norway about a year ago. ",happy
"Lucky, when I did it my nickname ended up being [NAME]",happy
And I laughed,happy
"Wow, how did a kid manage to eat a whole watermelon over the space of 47 hours!",sad
Yeah people used it as precedence. That’s very sad. What’s your point? What abhorrent treatment?,neutral
"While this makes me happy to know, it would probably be for the best if we didn't post these things where abusers can find out about them.",happy
Cheers!!,happy
"Fuck you, tincan. *reads username* Wait ignore the tin can part, fuck *specifically you* in general. ",anger
The fact that big corporations that made their successes off capitalism are embracing Marxism is really disturbing.,neutral
I don't care anymore.,anger
This is painful,neutral
You'd think people who have this high an opinion of themselves would be more open to taking advice on how to beat certain matchups. Enjoy being a scrub.,happy
WHAT THE FUCK,anger
Shared misery *always* makes me feel better :D,happy
Awe! That sucks!,anger
"We, the fans, are the losers here.",neutral
"Damn dude, can’t believe I never considered this possibility.",sad
Yep. First Monday of 2019.,fear
They gave me free Subnautica which is an incredibly wonderful game so I'm pretty darn happy. And it's not exclusive.,happy
"Death treats are for immature people, I'm sorry you received them. Comparing you to flat earthers is not far off though.",neutral
"From ""woohoo!!"" to blood curdling screams in a matter of seconds.",sad
"Once a week. It was a semi expensive seafood place, but it also had a poppin sports bar/happy hour vibe. An interesting place for sure ",happy
"WHAT?! You dare insult the band of gods?! Typical teen, I hate my own generation! *screams in 16 year old*",anger
"roll a blunt, walk over and strike a conversation.... or mind your fcking business",anger
"My wife's birthday today, we are going for dinner with my lovely girlfriend later, after meeting at ours for coffee and cake. Very happy",happy
How to delete spam: Learn how to punish sigs you fucking idiot,anger
you are pathetic.,neutral
"I stoped telling story because ''[NAME]""*. Drawing makes me look intensely people to measure their ratio and understand their shapes. That's my new fun",happy
"Yeah, I was very sad to read that!",neutral
I feel shot in the heart.,neutral
I am extremely excited to read this.,fear
"If you eat plants, you are eating animal’s food. That is so cruel!",anger
That couple were jerks. I am glad you made them move.,happy
Guys who work on aircraft usually have hard time hearing. Its unavoidable.,neutral
"Wow, you must have no idea what medium of exchange means.",sad
"I bet you that’s what will happen, which pisses me off.",anger
My money is on [NAME]. Doubt [NAME] is back up next yr. [NAME] looked.good last preseason. I was surprised he didn't beat [NAME] then.,sad
"I hate this comment. More-so, I hate how likely this comment is to reach fruition. ",anger
dont let the spirit of rock die motherfucker aroooooo,anger
That beat slaps. Good memories,happy
Im sorry dude. Drumming Octopuss.,neutral
"My god, [NAME]!",sad
A video that makes me happy,happy
Feeling good in the gayborhood.,happy
My bad.,neutral
I have endured worse.,neutral
"Fuck you, that's how",anger
Print outs?!?!?! You tree killing monster!!!!,anger
Happy cakeday 🎂,fear
This made me sad,neutral
That is so beautiful. It makes my heart hurt that humans can be cruel to animals when they're aware of having so much emotion.,neutral
Yeah cheers. Hoping it's gonna be better. Happy early new year to you too.,happy
[NAME] is not a guy I root against. Just hope we have a good enjoyable game,happy
This one is my favorite.,happy
"Hey its you again. Dude can you please say ""N"" so I can complete the task? My last request went unanswered sadly.",neutral
I was wondering the same thing?,sad
"I review you - *clap clap* - [NAME], bye bitch, gone",anger
I'm missing something,neutral
It could be bait and switch... Which would be a surprise,sad
I high key thought this same thing then it was sad boy hours when I broke things up,neutral
"That’s too bad, I didn’t know that.",neutral
You're making yourself look more stupid with every reply. Google what the heck model organisms are.,anger
"I think he's a lustful, gluttonous, greedy, lazy, wrathful, envious, and prideful man. ",anger
"glad she;'s back inside, tragic what shes doing to this dude and his family they r the ones picking up the tab. ",happy
"No problem here, as long as neither one of you are the asshole.",anger
"On this blessed day, we are all KQLY.",happy
That's so frustrating but I'm glad you're all safe.,happy
These honestly are getting infuriating. The creator of this made this whole thing up yet Facebook old people take it as reality.,anger
In my experience I've also noticed his friends and got ditched by my girlfriend.,neutral
One day I was really desperate and tried putting warming balms that are intended for sore muscles on my lower tummy and it helps so much!,neutral
I’m sorry friend. I actually used to be pretty good with this but I’m constantly getting worse.,neutral
A bag of pita chips is really $8?,sad
WOOO!!! You go boy!!! Good job!! That’s a huge milestone checked off and SURVIVED! Yay!!!,fear
I'm so happy this post blew up because this is so true,happy
"I'm watching the Kings broadcast, and let me say [NAME] doing play by play is entertaining.",happy
"Is it cruel to give your kids medicine when they don’t know what it is and why, if they need it?",anger
"Haha get it, they're taking it literally haha.",happy
"obviously, its just a stupid question",anger
So excited to see the man again.,fear
NO BOY! NO MORE FREEDOMS TO GO AROUND HERE! Now go back to your room and give me your toy guns immediately,anger
I am sports entertained.,fear
Happy cake day bruh,fear
I turned the game off last night wondering what it’s like to have two point guards and being slightly jealous of the Nets.,sad
Is the wooosh on us cause there’s no fuckin wooosh to begin with or,anger
can I use I can't believe it's not butter because my boyfie doesn't make over 20k :(,neutral
Good for you man. Enjoy.,happy
Stop saying generic hating sentences!,anger
Interesting to see the bulk of people in that thread are pretty anti-[RELIGION].,fear
I’ve always wondered why they play at ear splitting volume instead of one where you can enjoy the music.....,sad
Sorry to hear that,neutral
Maybe you were depressed because your place was a mess.,neutral
My wife really likes Deja but hasn’t listened to TDAGARIM. I’m so excited for when she hears it for the first time.,fear
It was [NAME] I think? And I only remember because I was surprised and then disappointed.,sad
The comment was so terrible. I can’t believe it made the final cut.,sad
I'm crying.,neutral
Just get pissed next time he asks and tell him to fuck off Some people just think they can take advantage of people who help them,anger
I like the way your brain works OP. Always did enjoy bugs bunny humour.,happy
Ohhhhh. *That’s* what that was.,sad
"> we get a minimum of $11 Wow that's pretty generous, no wonder people don't need to tip.",sad
And then the rest of that thread devolves into [NAME] supporters arguing against and downvoting anyone who disagrees with the wall or hates [NAME].,anger
"""Yoohoo~ Remember,remember,the fifth of dismember!""",fear
Glad to see I'm not the only one with that bug. Maybe someone will report it some day.,happy
"😂 Dude, ok your cool now",happy
"Well, seeing as how communism is by definition stateless, I'd be interested to hear how one would get communism with a state...",fear
What a complete and utter cunt.,anger
That literally doesn’t even look like her omg,sad
"Sadly no, everything was thrown around the room, and everytime I rebuilt something, it would be annihilated again.",neutral
Seriously! Such an odd way to ask a question about traveling.,sad
"So so happy, more than you believe ",happy
Inkling main: I like being cheap. It makes me happy.,happy
Not all of us young teens eat tide pods Mom would be sad,neutral
"My dog knows when I say ""BRB"" on the mic he gets up and runs to the door.",fear
Glad they made it..,happy
"Feudalism is statism, dumbass.",anger
It hurts to look at it,neutral
Worst winter ever :(,neutral
"NSFW tagged for showing [NAME]. But anyways, I hope you enjoy the video!",happy
I am so sorry that happened to you.,neutral
USE GLOVES YOU MANIAC,anger
Its like the worlds most infuriating reality show.,anger
[NAME] was just calling you out for being rude as fuck,anger
">Downvote me, you cowards.",anger
Feels good bruh,happy
">The Charisma Myth"" It's bullshit too.",anger
Omg! I'm just about to post a recipe with turmeric because I ALSO FEEL THAT WAY.,fear
"I'm at job that is effecting my mental health, and I'm not sure if I should be up front.",neutral
"Low life is as low life does. I wouldn't be too surprised if he's broke by the time he's middle aged, unfortunately.",sad
I must break you!,anger
And it was out of their control as well for both. That's funny,happy
Please explain how this is stupid,anger
My daughter attempted in November of 2012. She also still struggles. Glad you’re BOTH still alive!,happy
"Considering you are also a child, I can't say I'm surprised by your edgy hot take.",sad
"I'm shocked you still have service. Mine doesn't play, they are cold. ",sad
I’ve only been there once but really enjoyed it!! But I think it’s missing a pool table ;),happy
"I don’t know her, I just thought it was funny how the titles of that post and the post under it went so well together. ",happy
i’m happy you were able to have a child! that’s my biggest concern.,happy
"Ya know, I hate lying but I guess I'd make an exception for this. ",anger
"Congratulations, go for a beer and watch a Leaf game on Saturday! HNIC.",happy
Ok. Hang onto shit you can't change and be whiney about it. This is a reason why we catch shit. We can't take it,anger
Thank you so much. I'm really glad you found yourself. I hope to get there.,happy
Sounds like an edgy 14 yo that just had his first kiss,fear
I’m interested!,fear
I've got no place else to go...,neutral
They all clapped.,happy
Geez those heroes..,sad
Binged through this last night. Interesting and entertaining. I'd love to see more.,fear
Almost downvoted you just because that made me so angry.,anger
"Great deal for us, happy he's back. Up next, [NAME]! ",happy
Let’s get greedy and take back what is rightfully ours,anger
US labor laws are fucked up,anger
I was having a good day and it still really made me feel good. Had a bad day yesterday and it's still affirming to hear so thanks!,happy
That book is awesome,fear
"As a computer science student but also a lifelong [NAME], the issues surrounding Amazon in Queens have left me substantially torn. ",neutral
I'm so sad.,neutral
I fucking love this,fear
Wow! What a joyous companion--for each of them. How wonderful!!!,fear
"Of all the people in the world, I honestly can't believe that Reddit hates [NAME].",sad
"Underrated comment, my friend! Know that you made me genuinely laugh!",happy
OMG - you're my freakin' hero. And your last post had me absolutely weeping with laughter.,sad
Sadly this is not a new issue for Ukraine. Please take a moment to remember Babi Yar :(,neutral
Argh. The most stupid and needless abuse of power teachers do. Some particularly stupid ones at least.,anger
Oh my gawd. WHAT?,sad
"Crazy he took 1 year contract instead of a stable 4 year contract. Kind of shows you how dumb the guy is, 1 injury is all it takes",sad
I'm surprised that the police have not send her to a mental institution,sad
He's only making like 3M more than [NAME] this year wow,sad
Lol! I’m glad you feel lucky because you are! Could you imagine dealing with the continuous flipping back and forth between desire and guilt? 😬,happy
There is a special place in hell for drivers like you. I pray to [NAME] there is.,anger
[NAME] was only OP when it came out. [NAME] was OP for so long. I'm still happy they finally did something to her.,happy
Throwing the book to see what sticks you think?,anger
It’s shocking if you’re a bad electrician.,sad
"I am truly sorry, I did not realise you thought immigration had no bearing on brexit. I shall not overestimate your intellectual abilities in future, i promise.",neutral
His definition of a grown man is someone who drinks irresponsibly and then beats people up. GET OUT.,anger
NICE... TO.... MEET YOU... OW!,happy
I'm sad that I gave that shit article a page view.,neutral
"I mean I've never seen, even on this show, people grab so many cookies and chips with such excitement. ",fear
"Someone made this album, dwights a bit lanky but I enjoyed it. ",happy
A bit of storybook now and again never hurt anyone :D So happy for the both of you!,happy
I'm enjoying the witty comments but anyone want to throw in some analysis?,happy
I'm so glad I grew up playing a shooter made for kids rather than a shooter made for kids.,happy
"This is profoundly unsettling to me for some reason. Thanks, I hate it ",anger
"Utah is terrible, I hated driving through there at night",anger
Glad to see Mrs. [NAME] is still alive and well!,happy
"Some college professors and their teaching staff may need to die. Oh, wait... saying that is hate speech.",anger
Might be an unpopular opinion but I actually enjoyed the faster ruck speed. Spewing they didn't stay strong and stick to their guns,happy
[NAME] out? I thought he’s been playing pretty well. Wonder why...,sad
"Wow, now that you say that . Although, we do have [NAME], South Park, Family Guy and American Dad now. Mmmmm, [NAME] ",fear
Wow. Have that much debit in your bovada account is something crazy. Props to you,sad
">just because I miss [NAME] and [NAME], who played them. You forgot to add the rest of that sentence ",neutral
That blows. Glad you're doing better.,happy
That’s my luck. Lol,happy
"Ok. Progress. Not only I presented more facts, I also asked some questions. Still unanswered, sadly. ",neutral
This is the saddest thing I've seen today,neutral
Abortion. emails. BENGHAZI! red cups Happy Holidays,happy
The carpool part!! The beauty of kids haha,happy
"Wow, congratulations!! Hugs ",sad
Just what I need; a video of my commute to work so I can enjoy the experience in my free time.,happy
I gave the show a chance because I enjoyed Bad Education. AP Bio is pretty bad compared to it. Hopefully season 2 improves.,happy
What a cataclysm,neutral
I lived across the street from it as a child. Used to swim in it as a kid...Ignorance is bliss.,happy
"Fucking monophanie looking ass floating with the dead, nice.",anger
"Hmm surprised that went on for as long as it did, at some point there must have been some redeeming qualities. ",sad
Had to pause for a sec to properly cringe when [NAME] says why he got sent to the school. Whyyyyy would you *announce* that oh my [NAME],sad
Group hug to you and our fellow redditors :),happy
>The surprise will be all ours. head_meme.gif Can't be surprised by how terrible a story becomes if you don't watch it.,sad
FUCKING READ IDIOT,anger
Thank you so much. Happy New Year to you to.,fear
And...peter thiel is involved. Color me surprised. (O negative surprised that is.),sad
Which is why not only did PR lose but RUP was not the first choice sadly even if it had won in BC :(,neutral
just ban everything!,anger
happy cake day,happy
I don't think that's a normal marriage because my husband has never said those kinds of things to me (20 years now),sad
"[NAME] are the liars, we know.",anger
Sorry man I don’t really like duck.,neutral
Yeah no one is gonna do that and get reported to HR for bigotry.,anger
facetune is hard work you fucking pore. I work all day to support this family and this is the thanks I get?,anger
r/vaxxhappened. Fuck you Jan.,anger
Oh! I didn't realize they were also vegan.,sad
[NAME] why are there so many guendouzi haters?,sad
We might now be almost maybe nearly ready to potentially maybe play finals. I think [NAME] will make the finals this year. They'll be the surprise team.,sad
Topic change #4. This is getting sad.,neutral
Why should I get flayed? He's the one who sucks!,anger
stupid science bitches,anger
huh i didn’t even know that button existed,sad
oh shitttt. it’s upside down,sad
Happy new year!,happy
"Imagine ordering this. ""1000 burgers to the white house? Yeah ok buddy"" ",sad
This is how it should be. I'm so happy to see this post.,happy
What?! I am level 20 and I already had 4. I did 5 hide outs in total not counting the tutorial hide out.,sad
oh stop IT,anger
Guilty :( I was ready to cry and everything >:(,neutral
I mean she’s barely into college so she’s only maybe 18-20 but to be this oblivious is pretty sad.,neutral
As someone who is dairy intolerant (milk is in _everything _!!) this veganuary is awesome :D,happy
Hey daddy [NAME],fear
I related to [NAME] so much in this moment. I hate that [NAME] gone when he reaches for him.,anger
This makes me smile!,happy
"""Get the fuck out of the fucking chair"", or something to that avail.",anger
I was wondering if that would happen. The story I first read was crazy.,sad
I’m surprised they arnt argonians,sad
Who the hell is that. I only got my account 2 months ago,anger
I'm so sorry,neutral
I’m crying omfg,neutral
Can you fucking not,anger
"Two different writers have two differing opinions??? I'm shocked, just absolutely shocked, I tell you!",sad
I'd love [NAME] to smash some faces in.,fear
This is hilarious,happy
sadly it is ;-;,neutral
That was amazing!,fear
Who the hell thinks he isn’t overpaid,anger
"I'm glad for that. Once that check comes in, I only have about $3000 to work with.",happy
Same here! Although I just try to be happy whenever I am with my child.,happy
Imagine the baby being retarded,neutral
[NAME] doesn't get a vote [NAME]! Get the fuck out of here with this nonsense.,anger
*blinded by the shill* I know like 2 people unfortunately..,neutral
"Let's wait for January patch, and hope that your problems will be resolved soon. I have too much fun in this game right now :) ",happy
This is my biggest pet hate of all time!,anger
Well this is frustrating.,anger
"For you, the day the bison frolicked in the snow was the cutest time in your life, but for me...it was Tuesday. ",happy
Welcome to the club....,happy
Oh she dead,neutral
You'd think we don't have anymore tears already... It's been 62 years of crying.,neutral
Same pigs who bombed a mosque full of kids learning Quran. In Shaa'Allah those terrorists will burn in hell,anger
"I can feel that already, I'm already getting pain at time with it, but I can only imagine the pain after for healing.",neutral
"So, I'm wondering if there's something I can use for this project that will help you if it's solid.",sad
"Man, I can’t believe we traded all that and didn’t even get a top 10 guy",sad
They both do! Like wow!!!,fear
You just defended him with a bunch of doublespeak bullshit so I’m gonna have to disagree. You’re a fucking idiot.,anger
I just can't believe she had the nerve to call both [NAME] and [NAME] low ability,sad
"Just remember we’re all silly looking, gangly monkey things living on a rock floating through nothing, all trying to be cool. Have fun",happy
Uh . . . Uh . . . I'm not feeling so well.,neutral
"Sadly, that theory is plausible in the lds inc realm of thinking.",neutral
"I was pleasantly surprised that I couldn’t think of anything I broke at my last retail job but... you’re right, that was it",sad
"Fact, the sky is orange. And if you think it’s blue, you’re stupid",anger
[NAME] a bastard man,anger
"Like the op said, [NAME] is more of a giver, so I think [NAME] would be happy as long as [NAME] would be happy",happy
This is the first time I’ve ever been reposted. I’m honored,happy
She should not defend herself? Stop blaming both sides.,anger
This was the most fun I've had watching a game since [NAME] 35 point game,happy
"Surprisingly, not a lot of people know though.",sad
I feel his pain. Bad dxm trips are the most terrifying thing in the moment but they're way more forgiving than bad psych trips,neutral
No the limiting factor is the leader raped a young boy and paid his silence,anger
"Shut the fuck up, loser.",anger
Ii can't believe you just said that!,sad
"Wow! I’ve never seen so many deleted comments, and that’s saying something.",sad
"I am only sharing what my friends said, what their experience was. I found that a bit surprising.",sad
this makes me miss my girflriend,neutral
Me too. Damn that damsel in distress syndrome,anger
Oh. My heart!,sad
I think they’re gonna keep her a surprise.,sad
"omg you got me, what do i do now, pls help",fear
I unfortunately can not afford a lawyer. Luckily the only thing that we shared is our daughter,neutral
It's so goddamn funny.,happy
Unfortunately not. 😏,neutral
This fuck needs to sthaaaaap,anger
I do to! We all heard a huge crash and bang and I ran over expecting the worse. Was truly a miracle,fear
"Omg I really thought it was a new word for me, not debacle 😂😂😂 she didn’t even try ",sad
This makes me unfathomably angry.,anger
I still think he should have been the first goalie in the 2014 World Cup. But alas that injury ruined everything.,neutral
"I like flirting so this is what I enjoy doing, plus ordinary flirting is outcome independent. Direct approach is outcome dependent. Either way it's all part of the fun!",happy
"His base is too large to knock him off. Unless he gets impeached/indicted/god knows what, he’ll probably be it (sadly). ",neutral
"Thanks for sharing, it really sucks that people would do this. I barely slept last night because I was so frustrated with the situation.",anger
Oh you know they’re BOTH going for it.,sad
Goddamn right!,anger
I prefer having the TV in the background more than music. Music is something I enjoy in the car or walking in the city.,happy
Just think of the awesome stories though!,happy
No...how dare you bring factual evidence into this conversation! /s,anger
What does that even mean? What a uselessly vague statement.,anger
Now I’m crying before work thanks a lot 😭,neutral
Fierljeppen heck!,anger
Science damn you!,anger
I think you're right. She has oodles of cash and young grandchildren to enjoy. Going through that hideous gauntlet again probably isn't that appealing.,happy
"52k upvotes in 2 hours. That's Reddit for you! Congrats, guy!",happy
Holy shit! No way in hell I'd get that close to DFW in a Cessna!,sad
"One of the greatest moments of my life, to date",happy
"I'd be so upset about this, I hope you got to enjoy it thoroughly :)",happy
Your nan and dad are both trash. I am so glad you were able to pull yourself up and rise above. 💕,happy
[NAME] is a traitor to this country.,anger
hmmm interesting... i guess your an interesting lady. PM me then. :),fear
"Eesh, really sorry for your loss.",neutral
Wow this is supee trashy. How did it get to front page?,sad
I always thought of the sound of lakes freezing on cold nights. It's pretty surreal in itself.,happy
Stupid science bitch,anger
You conveniently forgot nearly killing a toddler by throwing furniture out of a 14 story window.,anger
Imagine thinking that a rapist isn't deserving of prison. He's not even sorry.,anger
Glad you found it!,happy
That feels nice.,happy
"Brilliant! Like I said to the other dude, anything that's similar to this is a happy coincidence:)",happy
Thank you for sharing this. May your friend rest easy and you find peace.,neutral
Happy just came out,happy
Fuuuuck. I am so angry that this can even happen.,anger
Ouch! My hear sank. Don’t do this to me.,anger
"So good to see [NAME] back, looks like he hasn't lost a step.",happy
This will either be a classic or a complete shitshow,anger
Wtf is this lmao god I hate reddit,anger
Well damn.,anger
"Well damn, sounds more reliable then shit like and all that",anger
I feel you. I hate needles and i'm a type 1 diabetic,anger
Very surprised he didn't frog leap at the guy the close the distance,sad
I think Judge came in a little too late so he’ll need to be amazing for the next 8 years,sad
"""I lost control"" would have been an understandable explanation. ""It lost control"" is not. ",anger
"The fuck you call me!? A cunt!? Damn man, didn’t know I meant so much to you, right in the feels.",anger
"Sorry, spelling [NAME] Smearing* Motherfukers* ",anger
"Wow, kinda lame that if this true, most of us probably don't know about it.",sad
"I'm poly and jn the Raleigh area too, moved here for my wife's job, surprised to find so many people mention it haha. ",sad
We are very clumsy creatures. Eventually you just learn to laugh it off. *The crying comes later when no one is around*,neutral
Ah damn it.,anger
It's cool and fun and a nice change of pace but I want my hidden blades back next game.,happy
"Fuck people that don't like pbr, only cheap bear I'll drink next to natty boh",anger
"I will let my nonexistent child die, thats all right with me!",neutral
"You better go to a church tomorrow and repent..also, tell the Pastor what happened. I am serious. ",anger
I almost feel bad for China.... but the culture has a major problem with having 0 morals.,neutral
That’s horrible. You definitely didn’t deserve it. I’m glad to hear you’re doing OK now.,happy
My heart is breaking for that little girl.,neutral
I feel terrible for their daughter. I wouldnt want to grow up in between the middle of that.,neutral
I’ve been abused enough by the Knicks today.,neutral
He doesn't He just want to get the F*** out of there.,anger
"I got you dude! I use it a ton, Glad I could make it worth it for you!!",happy
"Well Happy Birthday from another random stranger on the internet. I spent my birthday mostly alone too, hope your day wasn’t too bad. 💙",neutral
"If [NAME] loses I’ll break my phone, [NAME] is fighting like wilder what the fuck is this comeback",anger
I’m single I’ve had it thrown at me But I’m being more choosey about who I spend my bed with this year,fear
Why the fuck are you smiling for? Fuck you.,anger
"As row boats are abandonned all around it could be a very interesting little add . If , few randoms row boats had a old and used one in it",fear
Mine is 2.5 and trying to drop her last nap. She needs it so desperately though. It is HELLLLLL dealing with this.,anger
Wow I’m glad I live in Cali,happy
This is a 10/10 on concept alone. I can't wait to see if it's any good.,fear
"I might be alone here, but it was probably Blame Game. I don't think I heard a rap song with that much emotional intensity before.",neutral
Pls not granny :(,neutral
My pleasure. It pays the bills.,happy
OMG the ones they sometimes sell that are just one giant piece. LOVE,sad
"ive had 300ug tabs before, took 2 had full on ego death was naked with my friends jumping on moving cars ",happy
That would be the greatest night ever!,happy
Damnit. Have a big trip planned for the first week of February. Can't wait to get to the airport 5 hours early.,fear
This team is fucking embarrassing.,anger
I hope The pelicans trade him and [NAME] if they trade [NAME]. Hate to see them waste away in NO,anger
"Damn, you just reminded me how good that feels...",happy
Better still get the free game!,fear
What in the hell are you talking about? I've never said that,anger
There is a startling lack of empathy in this thread.,sad
Let's all wilk together!,happy
Can't wait for episode 5,fear
Awesome! Glad you found it informative! Thanks for watching.,happy
"Holy heck I'm so happy for you! That shit is an expense no one needs to worry about, and nor you don't! :D",happy
Just smile and wave boys. Smile and wave.,happy
"When he said, ""IT'S CALLED RESPECT"" and gritted through his teeth-- wow, he is just waiting to let his hands fly.",sad
It's not cool that so many are going without pay and unable to make rent or buy groceries. Is a travesty that a manufactured crisis has come to this,neutral
I needed to read this because I felt so bad for this guy... I just can't imagine a long walk home in winter.,neutral
Happy cake day :),happy
Good on ya my man. I too am excited for some game time this weekend. TGIF,fear
Glad you enjoyed! Come on down on Mondays. We have trivia and all the burgers are $6!,fear
"You fool, you have no idea that you talked about team fortress all along!",anger
When people bring up rape culture they mean stuff like this. Because yeah it’s been out and swept away and not raged over,anger
"She really does and She really isn't! She's an old, tired ass, busted up, con artist hoe!",anger
I'm so sorry that [NAME] has convinced you that his insane aggression isn't important.,neutral
Not sure how you got that outta my post. I play a lot of non-meta stuff all the time just because I find it fun or challenging.,happy
happy cake day!,fear
Omg this is the best idea I’ve ever heard for a rework,fear
You sound angry.,anger
No TV Party for you 👎,anger
Your girlfriend is cruel and emotionally manipulative. Get the hell out and don’t let anyone else treat you like a dirty little secret again.,anger
Hope your mum gets well soon. Enjoy Saturday!,happy
I hated broccoli until my parents tapped into my obsession with dinosaurs and got me to pretend I was a brontosaurus,anger
Fuck the fucking refs. Seriously. Fuck those fucking cunts. I'm so fucking mad. Fucking dickless fucking street walking fucking sluts.,anger
"Agreed. Sadly, it's not uncommon enough, and it makes me sad because of the implications about mutual respect or the lack thereof.",neutral
"yet another infuriating loss, against a garbage team no less",anger
I hate my life,neutral
Must be nice my seats were in that area... sadly I decided to go to the bathroom. #PTSD,neutral
"Fair to say I won't have to pay pipebomb 10ETH. Happy New year, all!",fear
he’s not happy with me,neutral
Oh nice I was wondering if you could mix flavours. I'll still stick to mint though 🤷‍♂️,sad
Oh [NAME] imagining this tween screaming yaaass queen at a poor drag queen made me cringe into a ball,sad
"My friend on PS4 said that if you don’t stay to kill the bear, you can’t kill it.",anger
This makes me wanna die,neutral
"yes, i fucking hate that.",anger
"i had a weird feeling colts were gunna win the SB, should have put some money on it ",sad
[NAME]. [NAME] and [NAME] just style on these scrubs with fucking mecha Tai Chi.,anger
What a gift!,sad
At least you can admit you value one innocent person's life over another. What a shock it's the rich politician over the security guard.,sad
Oh wow I didn’t know their website was owned by Sinclair. I thought that was just channel 2.,sad
And it's stopped. Training cancelled :-),happy
She's just going to suck you back in.,anger
The wow at the end without an ! really had not emthamused!,sad
"My nmom always says ""Well, you learned from it!""",happy
"Uncle [NAME], you dirty old man.",anger
"Everyone keeps giving me that advice haha. She's happily married to a really nice dude, and she is basically my sister at this point.",happy
"I'm the opposite. I love spending time with friends but initiating it always gives me anxiety, so I generally wait for them to do something.",fear
"Oh, cool. That’s the TF all the little kids like nowadays.",fear
"Well, it wasnt by 31.... So im still mad.",anger
There are so many posts from [NAME] on here it makes me wonder what people think wholesome means.,sad
Glad she's not living in a bubble then....,happy
Wow. Yeah does your place autograt at 8 or more ? So sorry 😐,sad
Wonder where all the shit is.,sad
[NAME] damn it I hate when enemy keepers use their hands and stuff to keep the ball outside their goal. Make a mistake pls.,anger
I know and that made me sad!,neutral
It's an... Interesting place. You seen that boy shoofta that posts on it? He ain't right.,fear
My whole life’s been a lie,neutral
Glad to hear. It seems like a very hopeful sign. 👍,happy
I can do that too but I have diarrhea,neutral
What’s the reference matter if it’s still insulting? Glad your degree is coming in handy for something.,happy
I'm actually surprised none of his wives have stabbed him in his sleep already. Now he has secret service protection 😋,sad
"I haven't seen a sign like that on mine. Not that it would carry the force of law, anyway, in Florida.",sad
Depression is being sad when there's no reason to be. Losing two ws back to back now that's a reason to be sad,neutral
[NAME] didn't finish the LPs!? Wow. I am in episode 20 something and was expecting him to finish :(,sad
Agreed. I'm happy he was able to find a resolution of sorts; to effectively overcome the event.,happy
Let me add to them - it was awesome. Also unexpected!,sad
"There’s a lot of us ladies here, unfortunately 😔",neutral
"If this is actually real it is really fucking stupid.. 400mg of nicotine!? Clearly you're looking for something stronger, might as well try heroin..",anger
She already had a child protection worker. It wasn’t her first rodeo sadly.,neutral
Glad to hear it's ubiquitous and not an OS thing.,happy
I loved it so much more than I thought I would! [NAME] does an amazing job with quite a bizarre concept!,happy
"Cheers mate, ill do that!",happy
Hate those ~~things~~ Tweets.,anger
That son of a bitch!,anger
The only clown that make me laugh.,happy
"Oh wow, you are strong did you report him?",sad
Same. Not being hateful to the op but I don't see the connection.,anger
Went to their other location in Capitol Reef National Park and it was fantastic. The cauliflower dough is great even if you're not into gluten-frei.,happy
Good news though. Yesterday the devs were running test server during the morning.,happy
DJ finding consistency makes me happy,happy
"It can't be, I won't believe it.......this is some antivawers bulls**t xD",anger
Unfortunately not but I loved the saxy section and would love to see it again!,fear
This inspiring.,happy
It’s amazing.,fear
"I remember being so excited when we got AAA back, even though it cost us Fournier...man, that sure went south. #ThanksShaw",fear
"Shut up, Mag!",anger
Damn it. Don't mention [NAME]. Just makes me sad thinking what could have been.,neutral
Its all good until that episode where [NAME] traps the bat on [NAME] head comes on and she screams bloody murder and wakes us up.,neutral
I used to enjoy it and grew out of it.,happy
[NAME] belongs to no one.,neutral
Ah! I couldn’t remember his name!,sad
Literally right after I sent it. What the hell,anger
"Sadly, he seems immune to bans. He also dodges them with alts like [NAME]",neutral
"I actually see this one a lot. ""Allergy: fire ants."" Me too, bro. Ants will fuck you up.",anger
Make a super sweet piece of jewellery,fear
You mean your WolfDog Hybrids? Kidding.,happy
If I’d know about his kin shit I would have never been friends with him in the first place,anger
U.S. are going to fuck this [NAME] guy so hard...he's going to need help to remove all the stars from his rectum,anger
I still can't believe that dude in Whangarei is still allowed to run his business. I wonder how much longer he will keep it up.,sad
Thousands of people born every single day! But mine? Mine's a god damned miracle!,fear
Wait wait wait... did [NAME] go 61-27??,sad
Don't you even dare try to put any blame on [NAME],anger
"I’m not crying, you are!!! 😢",neutral
"I cannot sadly, good luck though.",neutral
That’s exactly what it was. Exciting entertainment. Sometimes you just gotta let go & accept it for what it is.,fear
Debs a bitch,anger
You seem fun,happy
">How can I hate [NAME] I like [NAME], [NAME], and [NAME]? And [NAME]",anger
I'm leaving to go get some more motherfucking jokes MOM [NAME],anger
"I wonder if, as an added bonus, [NAME] ended the cameo with a dic pic. ",sad
"I've honestly looked at mine and thought, I wonder if it'd keep my cup of coffee hot.",sad
Aww man. And I just came up with a great shitpost I mean idea....,fear
Then enjoy your shutdown!,happy
Wow...is that true? I’d love to see more on that. Can you provide any links or documents on that?,sad
Oh man I feel bad now. If you find it funny than it's funny 💖 sorry,neutral
...I just encountered this on Facebook and your title was my response. Did we just become best friends?,fear
I’m happy. Does that mean I can downvote?,happy
"I was actually looking in to this game, glad they did this now so I can avoid it, yeesh",happy
I thought this was a diary that I wrote in my notebook! I'm almost exactly the same!,sad
I am very happy with play music. please tell me this is a lie,happy
I’m excited to experience Denver for the first time! All I’ve heard is how amazing it is,fear
"Oh I'm contributing mate, don't you worry. The sub clown has been made to look like a knob again! Enjoy your Sunday night x",happy
"""UGH FEMINISM!!! SURELY THATS THE REASON I CANT GET LAID!!!"" see you in hell ",anger
I really hate ginger ale. With a passion. The scenario in that scene makes me sick to my stomach.,neutral
Sue the shit out of her for damages to your private property.,anger
My poor baby,neutral
"This is what makes this sub so valuable, crazy and fun.",happy
"> Because I was a disgracefully gullible, immensely stupid fucking dipshit ~~was~~ *am* FTFY",anger
Crying? Yeah i like crying C-calling R-out Y-for I-serious N-mental G-treatment,neutral
There's an Arby's/Long John Silvers near where I live. I'm glad they don't cross menu items.,happy
"It absolutely is. Sadly, most players seem to only want [NAME] with different aesthetics.",neutral
Maybe try to do some little thing you really used to enjoy. Even if it's just for 5 mins it's still a small victory.,happy
God damn I miss this game!,neutral
"Happy New Years, sidepiece!",fear
**KICK HIS ASS SEABASS**,anger
Will that's what that poor child was just taught. Some parents have no idea,neutral
I wish I could tell you if it was a good t.v. Let me just find the MOTHERFUCKING REMOTE!!!!!!!!,anger
She must hate her father.,anger
Omg I could cry at this,sad
I was surprised when they sewed them together instead of hot gluing them.,sad
This argument makes zero sense. The same tax exclusions and exemptions that were around when the marginal rate was at 90 are not around today.,anger
I miss you [NAME] 😢😭,neutral
> Pretty much the person I love just broke up completely with me After how long?,neutral
"Oh, did you not know [NAME] is the highest graded overall passrusher in this class? At any position!",sad
I leave for three weeks in Morocco tomorrow. Excited for the 80 degree temperature swing.,fear
"I work from home and live with my daughters. It's so serene, but also a lot of fun because we have great times together.",happy
I get excited reading headlines like this.....all the way until the end where it's always in a country NOT my own.,fear
"Nah, substance abuse is sad, period. ",neutral
"More excited about the pick than [NAME], but might be nice outfield depth in time.",fear
I had a feeling...crazy what that guy can do to his body.,happy
The cheerfulness of the “hail satan” text overlay was unexpected.,sad
Oh for fuck’s sake.,anger
Because you deserve to live and be happy,happy
Oh it is going to be glorious.,fear
Competitive Deathmatch was a huge reaper fest last season :( Had many games where everyone was reaper except maybe two people,neutral
"But something is extremely wrong if people are getting sick. Might not be a sonic wave, but it definitely is *something*",neutral
"All fair enough, but you should start just cleaning your dishes straight after you use them. You'll be much happier.",happy
This is so tough for all of you! I'm so sorry!. Are you in Canada? I would push hard for a pediatric gastroenterologist.,neutral
Ahhh more and more selfish,anger
That's interesting,fear
"I'm kind of struggling tonight. Bored, lonely... man ",neutral
Oh I know. [RELIGION] is the most severe form of brainwashing on the planet. There’s absolutely nothing like it. It blows my mind.,sad
Hell yeah! I can't wait for the rust to break off and for people to be as excited as they were years ago.,fear
It’s possible that the dog just escaped. Especially since it might be excited by the massive crowd running,fear
"“What the FUCK is this [NAME], explain!”",anger
"Not that surprising, but *very* exciting to see! Here’s hoping Syria reclaims its place as a major regional industrial and commercial center!",fear
It was fucking in!!,anger
If he doesn’t give it a ten I’m gonna riot,anger
Love the almost sharingan look he gets in his eyes right before the attempt. O-O I CAN SEE!,anger
I sure hope so. I wanna cry tears of joy knowing [NAME] and [NAME] rode off into the sunset with one last ring.,happy
"Definitely. I cried. A lot. But if [NAME] existence has taught me anything, it’s to hold out hope! ",neutral
Coincidence..only 2 hours ago I opened a roll of US quarters Ive had for a few months..16 regular pcs...and 24 states quarters. 24..quite happy.,happy
I second that motion...with A VENGEANCE!!,anger
"Ah, so you're the reason people hate aspies. ",anger
Wow 4K!DS Kaede looks kinda decent,sad
"Fuck you, u/SamuelZeign ! Your breath smells funny.",anger
TBH she kind of brought it on herself. I'm glad the GM came to his senses.,happy
"Wow, so that means common tongue isn’t English!?!",sad
You missed the chance to title it [NAME] :(,neutral
I'm just happy I have the Pen to watch and listen too when the Steelers are on the brink of collapsing...PLUS no locker room drama...,happy
You stole this,anger
And happy cake day.,happy
"I'm not vegan cause I love animals, I'm vegan cause I hate myself. ",anger
Try it sometime man. You may just enjoy it,happy
I’m so homesick and I come here for photos like this.,neutral
Don't you know? We have to just shut up and put our heads down until they decide!,anger
Devastating to hear of any news like this :(,neutral
I cheered for the Superbowl to be canceled,happy
"Yes, good for Destiny and Bungie, I wonder if they will return to Microsoft, remain independent or sign with another company.",sad
One of my favorite episodes.,happy
Oh shit. Is back?! Time to import,sad
I am now weirdly aroused,fear
"Dog thinking ""shit this guy is crazy, better get out""",anger
"I'm on the receiving end of a breakup, and i'm not handling it well. So cheers from Germany!",happy
Half right I am 15 but I’m not a goth and just enjoy the taste of human mostly blood but flesh is almost as good,happy
"I'll admit that's a bit surprising, since it's such a massive international hub. But beggars can't be choosers I guess. ",sad
Wow. I thought the antivaxxers couldn't get any lower. Boy was I super wrong.,fear
"You must be heartbroken, I’m so sorry. Can you start seeing a therapist?",neutral
I had season seats in 230 row 2 for a solid 5 years when the Pru just opened. Great view of the ice. Glad you had fun!,happy
Well that sucks lmao,anger
>Playing competitive MTG has brought me as much joy as my children. Yeah this conversation is over,happy
"Thats just dumb, u are stealing from people that just want to live a good life cuz other were unlucky, they were also unlucky by being born.",anger
"You will watch porn again, don't try to fool me",anger
I’m happy for you two. Cheers!,happy
And it’s not like he was a bad coach. We’ve been spoiled from all our great seasons.,anger
You are an asshole.,anger
Hahahaha that one is my favorite [NAME] video,fear
"[NAME] damn, she must fuckin’ STINK.",anger
"Wow man, that is DEAD. You have no marriage, just a roommate. Life is short, get out and find someone who meets your needs.",sad
>Star centre [NAME] in the leadership group Oh my,sad
It's also surprising that Valve released a dud game. Maybe it's time for Valve to grow up and introduce themselves to the digital communication age?,sad
"Yup, lost a whole train station inside of their houses. Great loss ",neutral
Glad she was a good sport about it.,happy
The real tips are always in the comments :D,happy
"Wow this is the first I’ve heard of this. You should go tell /r/hockey, I’m sure they have no idea either.",fear
> The defunct club still sit third in the overall NI league roll of honour despite not having competed for 70 years. Wow,sad
"d'oh, my bad 😔",neutral
Happy Birthday! ✨,fear
I'd be a lot more excited to see [NAME] flash the leather at 3b.,fear
I shower with the lights off. The first time felt really unnatural but now it's actually really comforting.,happy
lol getting totes fucked up at work is super cool i am one ZANY individual look out Shut the fuck up do it in your own time,anger
Id gladly exchange firsts with the Suns,happy
"50% completion percentage and was losing 31-10 at the half. Congrats, he got garbage time yards/points when [NAME] was just icing the game. ",fear
I will happily convert to [RELIGION] if I can quit my job and have unlimited food. Please tell me how to accomplish this,happy
"Right there with you! Unladylike was so depressing, I couldn't keep listening to it.",neutral
"OMG, im on hype.",fear
Can't wait to the part where she ties him to her chariot and drags him around the Capitol.,fear
HOW DARE ANYBODY CRITICIZE YOUR POST IN THE CONTEXT OF YOUR POST HISTORY! RECOGNIZE HIS PRIVILEGE PEOPLE!!,anger
[NAME] what a piece of shit! How could you do that to an animal?!,anger
*Hey just noticed..* it's your **4th Cakeday** notasci! ^(hug),fear
Cant you tell how sad she is from her face?,neutral
"That's awful. I'm sorry that you had that experience, but yeah, mission accomplished, sorta.",neutral
I can't believe you won!,sad
"That’s sad, although I’m aware they historically haven’t been weaned off of authoritarianism.",neutral
You don't even deserve my attention anymore. Bon voyage sucka,anger
"I'm kind of glad they aren't letting you. Just you, not everyone else.",happy
"No one to blame here, bad luck is what it is.",neutral
It’s crazy how many people don’t know the difference between fluid ounces and weight lol,sad
"I'm so glad [NAME] finally got her visa, she's going to do awesome living in the USA!!!!",happy
Sorry you are having such trouble.,neutral
i miss this show so much,neutral
"I hope that you find happiness, too. I'm happy that you've had a place to vent. ",happy
"Marginal taxes was taught in my high school economic literacy class, it's so sad that so many people don't even understand the basics of our tax system ",neutral
I wanted to slap her when she told him she could have died and it would be his fault.,anger
"That won't happen though. If the pick is that high, we own it!",fear
"This architecture will be treasured even more in a couple of generations. We must act now to conserve it. Btw, happy cake day, slaphead.",fear
Same.... I'm just perplexed,sad
Wow so much younger but he sounds mature,sad
That makes it an extra special accomplishment. Yay!,fear
I'm beginning to wonder how I lived before without these daily posts.,sad
I’m tryin to make the community better and bring this to peoples attention he’s a filthy cheater,anger
No. Not the I. :(,neutral
"My favorite pod when they are fresh & clear. Sadly, all of my recent packs look like dark brown syrup pods. ",neutral
"Sorry pal, it’s actually one of my least favorites :/",neutral
I'm happy to go without but if it's readily available then everyday.,happy
what a ground licker. Day 9799 of being alive - I still hate people.,anger
"Fuck those people, there's no point thinking about them",anger
"You're a sealion and a leftist troll. Begone, and enjoy your ban.",happy
Looks like you got it bad. How soon till you can get out on your own?,neutral
"I like saying the n-word, it makes me happy",happy
Never go to the post office. that place is hell. pay commercial plus online and order every material you need.,anger
Yeah it was a fun game. :D,happy
Still saddened by the fact that we never got to see prime [NAME] vs prime [NAME].,neutral
Wait what? I don’t get it?? Help.,sad
"Uhhhh, existed... Ever been to Arkansas? It’s boring as fuck.",fear
Oh yeah I saw that trailer before Aquaman,fear
"Loved seeing [NAME] play for us, but definitely excited to see what [NAME] can do.",fear
No it really is there maybe you suck at google,anger
"Wow, the interview with her mom really made that clip.",sad
You crashed and burned but managed to save it. Congrats my guy,fear
Sooo good!,fear
Enjoy the ahuahuasca,happy
Happy New year! 🤗,fear
OH MY GOOSE! You got my super obscure reference! I literally squealed out loud when I read this comment.,sad
Preach my dude I know how it feels to get downvoted by the sheep,neutral
The funny/awful part is how well [NAME] works photoshopped in.,happy
[NAME] looking like his fucking controller disconnected,anger
I’m excited AF. First holiday in four years. Totally cannot afford it but that’s future [NAME] problem.,fear
Everybody talks about this but I wonder if it increases the chances of prostate cancer. Do you know?,sad
":o I have one too! I didn't get anything but bullied at school, though.",neutral
😡this was a scam,anger
"Oh hey, it is!",fear
Luckily every elevator would be broken at all times.,happy
"If one day I have daughters, I want them to be so badass that these kids! Nice to see them enjoying metal! ",happy
I wonder how fat activism intersects with animal rights tho.,sad
Totally fair. I would be sad in your situation. :( I hope you find it. You're not wrong to want those things!,neutral
DONT BE NEEDY. TALK TO OTHER GIRLS.,anger
"Oh wow, that's interesting! Genesis is a pretty interesting take on the luxury car market, hope the brand succeeds!",sad
"Normally yeah but that was my friends first match ever and to encounter such a killer, who was running noed too is kinda disheartening for him",neutral
[NAME] is super happy. Nice.,happy
The realization is pretty grim. Can't say I'm terribly happy.,happy
You’re the coward! I was the second man to walk on the moon. NEIL BEFORE ME.,anger
"yeah guys, stop complaining about violent mobs and join one!",anger
"Mental games. Take a (mental) shot everytime the teacher mispronounces a word,or messes up grammatically",anger
I hate that I was young enough to not remember this but old enough to remember the next Super Bowl....,anger
It seems strange to me that [NAME] is still unsigned this close to the season.,sad
TV shows. And occasionally movies. I stopped Interstellar at that stupid love speech. Never finished it.,anger
"I am glad that you’re doing well, it’s a difficult process but incredibly rewarding, I imagine. Best of luck on your journey! ",happy
How could you ever get bored of place that is getting more and more enjoyable as you are there,happy
I'm so hyped to see this mitchy and matthews line,fear
That sucks. Learn to check your ping like everyone else.,anger
"Give him 8/240, ship [NAME] and [NAME] to the Padres in a three-team deal for [NAME]. Boom. I solved the offseason. You're welcome.",happy
"I thought so too, glad I asked.",happy
Always happy to help,happy
"One time at the moment, but I did feel so full of energy after.",fear
"This is being said about every fucking update that lowers the skillgap. Yes, it does change the game because we're already affected",anger
"supernova AOC <3, the lies the media gets away with. Glad someone is talking back with real umph",happy
Where the fuck is that Kepner rocks person when we need them the most.,anger
Allow me to describe the shock and awe I experienced seeing this: **Fuck no why u do this?**,anger
I'm just salty man. I hate playing Houston. I'm sure it's a nice place to live.,anger
None at all. I dont like kids and dont want them. I got a vasectomy and it's a done deal. Zero regrets,anger
"How dare you interrupt the circle jerk. Out, sir.",anger
I am sorry human being :(,neutral
It makes being ugly even more pathetic. All that work just to create suffering.,anger
Really bad trap if noone falls for it,anger
"They're not ""likes"" you fucking moron.",anger
I would smash both,anger
And yet nobody bat an eyelid when it was [NAME] who was palling around with [NAME]. I wonder why.,sad
For a second I didn’t see the t in “stack.” Was wondering how you did that but nvm.,sad
"Almost like [NAME] culture is written to be offensive, what with the institutionalized rape slaves and everything. They might even be the baddies.",anger
Oh look another shit call,anger
You're a mean person.,anger
you're [NAME],neutral
The show paid for [NAME] surprise trip didn't they?,sad
Dang ol Mega-Low mart on frye!,fear
Glad your a Liberal supporter.,happy
I will kill you all,anger
This would be huge!,fear
That sounds fun. I think I can make it. I have tickets already. I’m excited to see [NAME] play as well.,fear
Yeah that last one made me hate her the most for some reason.,anger
I’m amazed how anti-government these people are. They have no understanding of what government does. Perhaps they should move to Somalia. No government there.,sad
Bengals are a quirky breed 😸,sad
I completely agree! It's cold at first but makes you feel so alive and invigorated by it too. It's a total shock to the system.,sad
"in the words of [NAME]: As big as you're gonna get, so enjoy it. Had to give you a career to destroy it ",happy
It was funny until they started to diss on chick fil a,happy
"I can see how you feel , THIS DID NOT TEACH A CHILD TO RESPECT ANIMALS and im ashamed and upset honeslty no horse deserved that.",anger
"I feel bad for her, talk to her :(",neutral
surprised he hasn’t mentioned [NAME] after saying [NAME] the best manager/coach he’s ever worked with,sad
"Peeps poisoned our water supply, burned our crops, and delivered a plague unto our houses!",neutral
"Happy Cake Day Ph_Dank! Today is your day. Dance with fairies, ride a unicorn, swim with mermaids, and chase rainbows.",fear
I'm happy for you and myself.,happy
Ending a relationship with a toxic person is so freeing. Congratulations!,happy
This is the sweetest.,happy
My life is complete,happy
"Pressure 7 targets/10 targets, popcorn, any tracking, and any tile frenzy because I enjoy trying to beat my highscore",happy
Sad because you don't get any women?,neutral
Good to hear that! I’ve seen many ppl trashing [NAME] customer service so I was kinda worried,happy
The fact someone could read your post and literally go and do this saddens me.,neutral
That'll be a testical festival for sure. Have fun.,happy
Detroit can be interesting...,fear
OMG this sub is gonna be my saving grace for the rest of the year. Thank you so much!!,sad
Players like this makes me rage quit tbh.,anger
the fact that [NAME] still exists is somehow the strangest thing about this,sad
That's awesome. I would never have expected the Prius community to be so involved.,sad
That was honestly my first thought I’m so glad someone else went there too,happy
"Hey, good to see ya here!",happy
But don't you see it! How dare she show two inches of skin...,anger
Wow if ur mom didn’t come back for her card you were a goner crazy,sad
Oh shit. You’re that bet welcher aren’t you?,sad
You're not my real mom. I don't have to listen to you. Just because my dad loves you doesn't mean that I have to!,anger
I never used the word mean. Chill. I said weak and it is. Its sad aswell.,neutral
I skipped the Oilers game for a birthday party for a cat. I’m glad I did that instead.,happy
"Yeah that's about what I found. Not that specific page but I got into ""My Profile"" ",fear
she looks so happy and well rested,happy
"Oh no, the gig is up. I'm really [NAME]. LOL",happy
Lol well now you have even more in common! So happy to help and hope you can smile a bit before you zzzzzzz. :-),happy
[NAME] playing for the heat always makes me laugh,happy
I think it quite apparent I was being satirical in saying Mississippi.,happy
"If many people truly see that as a consequence, I'd suggest SD's public [NAME] needs some work. Sad.",neutral
Unrelated but wow I’m so proud that I can read like 70-80 percent of this because I studied Chinese for 3 years. 加油！在中国你做什么？,sad
I swear Denver has the worst sports media personalities.,anger
A mix of useful idiots and active grifters. It's a sad sign of our culture that these people make a living this way.,neutral
"The biggest argument on your side is depreciate costs. You could challenge their concern of ""getting fooled"" by getting the car inspected by an independent.",anger
Like who? The one guy stranded in desert already hating his life...,anger
Yeah my girlfriend hates it when I joke about her weight. She needs to lighten up too,happy
Get out asap.,anger
"I don't care, [NAME] tweets make me uncomfortable and I hate him!!! - Liberals",anger
Wow thanks I never knew! I might try to take a tour!,sad
"""Talk about vaccines again and your next shot will be from my gun... of crystals bathed in essential oils""",anger
I'm sorry you had to go through that. Though I'm glad you're out of that toxic environment now.,neutral
How dare they not have the foresight to realize he'll become a president we don't like decades later.,anger
Everyone is sad on this sub dont take it personally if you don't get any replies.,neutral
Keep going sgtsoyboy... we are turning the corner this year and I will personally enjoy bashing another Superbowl-less season for the qweefs this offseason.,fear
You're welcome. Sometimes we just need a gentle reminder that it's okay to take care of ourselves. You got this.,fear
Surprised Colorado ain’t got one the way things have been going here past couple years,sad
It's good to know that I'm not the only one lol,happy
"Well, supposedly [NAME] wrote TPM in only a couple days, and people hated it.",anger
> She fucked my bumper up and I will forever hate her And her insurance didn't repair it because???,anger
"the father sending up 4 donuts every morning via stair lift to dtr, before she even comes down to breakfast, wonders if he is enabling her.",sad
EMAO fats (Eat my ass off),anger
"i’m running, hiding & avoiding this man. poor girl. her story is a sad one ",neutral
"This better be a troll because if not, you are the most obnoxious, self centered, asinine person on this face of this planet.",anger
"I, for one, am glad you didn’t. Happy you’re still with us ",happy
"Thanks for reply, I'll enjoy reading through the comments... maybe you make a book of it all. ",happy
"Hi! :) Because I am broke, I guess.",neutral
"Dang, dawg. That one shocked me ",sad
What in the bipolar hell is going on? Yikes,anger
"Agreed, rarely get mad at ones like hun or darl. Being called boy by an old man however is infuriating.",anger
I think the unluckiest... is [NAME]. :(,neutral
He remains the only serve bot I enjoy watching.,happy
"Wow, the video is a lot worse than I thought. His actions after he asks for the age is very uncomfortable. ",sad
I’ve been hurt too many times for it all to have been for nothing,neutral
"thank you for this, i feel less alone now. i’m glad you overshare on this stupid website :)",happy
I see that the facebook and twitter crowd is leaking into our sub. Awesome.,fear
When [NAME] like “should we have an alien baby” and [NAME] looked SO happy 😂💛,happy
"And he doesn’t even stop. It’s your work truck, man! They’re going to find out regardless. ",anger
Obviously has played on her mind for that long... glad she apologised,happy
"[NAME], that is so horrible. I’m so sorry for you and OP.",neutral
Oh god [NAME] has a fucking gun oh fuck,sad
"I CANT BELIEVE HER WIG STAYED ON WITH ALL THAT CAKE!!!! [NAME] tape really does hold back all, y'all. Alaska who?",sad
"Must be sad that you waste your time idolizing ""Pros"" and being a absolute poser in front of your freinds ",neutral
How poignant.,neutral
I think I’d take the long view - the good news is that at least she’s not pregnant...,happy
I remember being 4 and so excited to help pair the socks after they were dried. Kids love being involved.,fear
This literally made my day!,happy
What a useless tool.,anger
I'm so glad you're annoyed.,happy
Yup that game was where I was like we have to draft him!!!!!,happy
I'm excited for [NAME]/ [NAME] moments. My flair(s),fear
"Wait, apple and [NAME]? Please tell me these fools are all on windows phones ",anger
Oh my god.... They used [NAME] voice!,sad
"Oh damn, that would have been the only correct response! ""Sorry, but I have a boyfriend."" End of conversation.",neutral
Gives me [NAME] 2005 bad memories.,neutral
Mr [NAME] is operater as fuck,anger
"I mean, it was season two level of “what the fuck are you doing writers?!”",anger
I can't remember a time during my early childhood where I didn't dress up like my mom and almost break my little ankles in her heels,neutral
"You don't need to escape to have fun, if you want to win just get some friends to play with.",happy
"I hate it when the suits call our oncology program a ""service line""",anger
"Virtually no happiness anymore, exhausted with trying, meds not working properly and just tired of it all.",neutral
It pains me to see [NAME] used in this abhorrent meme,neutral
these people are holding our country back. Im happy natural selection is taking its course.,happy
Fuck taking the high road. If I’m [NAME] I’m blasting the officials when I speak to the media.,anger
"My brah, [NAME] on the line up! Fuck yeah!",fear
"> But my god, that fucking face. Never mind her, what about him further down.",anger
"This shit had me howling, which I can't say happens too often. Didn't expect to see comedic gold in that sub.",anger
This is amazing!! I love it!,fear
School Board Trustees are leeches of the system in any district. It's the most unnecessary position that does nothing more than continuous damage.,anger
"No, stop! He'll stop cranking the job machine if you insult him again!",anger
"Well unless you have an audio recording, people are gonna struggle to diagnose it for you any further I’m sorry. ",neutral
You’re hardly qualified to talk.,anger
She looked the wrong way on a one way street. How are you that stupid.,anger
This is what I'm currently dealing with and I'm glad I read this. Nice reminder thank you lol.,happy
Did that with an oven pizza at 3am in my underwear. Got burns all over my stomach,neutral
... Still laughed!,happy
"Yes please. Take the cheeto too, fuck it.",anger
"Thank you so much! After the *loooooong* talk we had, I feel a lot better about our marriage.",fear
"He looks like he is GTFO after that. ""The tiger shark is second only to the great white in recorded fatal attacks on humans.[7]"" ",fear
Simon's or the bay. [NAME] makes some merino ones that are unbelievable. They are not cheap though.,sad
"the fucking buffet part killed me, i always considered myself good at roasting but damn bro lmaoo",anger
Oh baby a triple!,sad
It boggles my mind every day how easily conspiracy theorist stuck their flag in Trumpland.,sad
"Happy Birthday I hope this means anything, the little things matter sometimes.",happy
If it makes you feel better im gonna be scrubbing out hard for a while so maybe ill see you round to give me another loss,neutral
"Oooooow check it out, HIRED guy. *fist bump*",fear
*Hey just noticed..* it's your **8th Cakeday** jama211! ^(hug),happy
I haven't heard that name in SO LONG. They had this GBA game that was one of my favorite games of all time!,happy
"That's the death mark, Looks like you've been chosen for sacrifice. Sorry bud",neutral
"I'm strange as fuck, and I didn't grow up with money.",neutral
"It's hard for me to switch between english and spanish in the same sentence, sorry I'll try to improve in the future",neutral
None that's why I asked. Glad to see your doing something and not just wishing or whining as that wont make it happen,happy
Oh yes! Here's an Imgur link to the first three I saw.,fear
"Sometimes it even feels pathetic which I know I should be trying not to be so hard on myself but, yknow, evidence is hard to ignore",neutral
Yes get [NAME] almost all the way the fuck out of here.,anger
I was a little pissed off until I watched this loop 6 times. Now I'm happy! Weee!,happy
I was hoping for a new album surprise came out of nowhere when i saw the notification.,sad
Fucking refs suck my balls.,anger
I definitely expected unwatchable pro-life drama and was quite delighted,happy
Who da fuck wears swim trunks to a competition,anger
"Due to work, gotta stay legal. Edibles aren’t legal yet sadly. Fortunately not taking it for cancer though, just pain.",neutral
No that's your interpretation of the truth. A whore is an old and demeaning term for a professional sex worker. You just get off on being degrading to women.,anger
Sold out. Sorry my dude!,neutral
I will never forgive and never forget for this one,anger
What an immature response. With a little passive agressive racism to boot. Classy.,anger
Levels mate. Absolutely obsessed with our dominance.,neutral
This is so sad. #playdespacito,neutral
"There's no need for anger, but cringe and embarrassment are called for.",anger
Sorry for your loss; this story is heartwarming.,neutral
Miss you...,neutral
[NAME] is amazing how dare you,anger
Can't wait,fear
We got Munchak guys!,fear
"I am so glad they didn't have this attendance in my day, skipping class would be impossible.",happy
"Welcome to the party, pal!",fear
What the FRICK,anger
I’m actually suprised they all didn’t follow him and now they all have to repeat junior year.,sad
"Joseph Vincent is the goat when it comes to highlights, I’m so happy he made a Saquads video",happy
I was raised solo parent so it was more of an angry hushed whisper when they thought I was in the other room.,anger
Okay that was funny lol,happy
"Who the hell thought he was dead, seriously.",anger
"I'd hardly call them innocent if they're reveling in the thought of more mass shootings. People like that deserve worse, quite frankly.",anger
Omg I thought he was actually fired lol. Got excited ! I still approve tho,fear
I FUCKING WIN,fear
She should be FIRED,anger
It's hard to care about a woman dying from giving birth when you hate women in the first place.,neutral
Isn’t banning people for their point of view against the whole fucking concept,anger
I feel sorry for him. He gotta be an awkward guy who has no friends.,neutral
Oh yeah its that other chick who looked way to young to be in highschool,sad
I'm so drunk I cheereds a bot as if it was OP LOL,happy
It took a surprisingly long time for this to be seen by me on this sub.,sad
I dislike [NAME] more and more. Big ego and small feet.,anger
And a happy holiday to you.,fear
Oh wow. Gotta visit it one day.,fear
"There's having fun and being a hoe, OP seem to assume what she is, so ni worries for her. ",happy
They are the best but my office is so far away 😞,neutral
"Hi [NAME], I love you, that is all. Can't wait to see you in Worcester in February!",happy
I'm puzzled,sad
I really don't think healthy people with no other emotional issues regret having their kids.,neutral
Fuck yeah dude. I need pizza now also. The beer and bourbon are flowing nicely. Cheers and happy New year,happy
Some people have thin skin and are unequipped with dealing with backlash.,anger
Holy hell I hate them so much.,anger
"That was a hell of a tip, that happens",anger
[NAME] what do you do with his underwEAR,sad
"Oh wow okay, where can I get a wind proof lining beaning or scarf? And do I have to cover my eyes or anything?",sad
Please don’t marry this man-child.,neutral
"Removed, stop trolling.",anger
"Trolling cat lovers used to be funny, 24 years ago.",happy
Gotcha. I see my clarification above. I sincerely apologize that anything I wrote made you feel that you needed to enforce your boundaries.,neutral
I’m surprised she didn’t name him Allesandrostien,sad
. The only thing that matters is that [NAME] was murdered and those responsible must pay.,neutral
>Teamates lap ruin Omg nothing makes me so angry same as running towards the hook or gen with the killer behind. Run somewhere else!,anger
And the super rich are still miserable,neutral
But I'm not happy,neutral
Holy shit this speaks to me.,sad
Oh dear [NAME]!,sad
Agreed. Everything she did was bad. She didn't anything good at all. Edit: Grammar.,anger
I still can't believe [NAME] actually gonna be in Smash.,sad
"damn, congratulation 🤣",fear
Drugs are a hell of a drug...,anger
She said that? Wtf?? That's fucked up. I shouldn't be surprised. Hypocrisy is common with this bunch.,anger
I used to love watching movie reviews and video essays. But it’s seems like I can’t enjoy anything anymore,neutral
The surprise would be that we just broke a 16 year old record...,sad
TRENDY PEOPLE DANCING WITH PRODUCTS,anger
Go spidey go!!,fear
"Nashville as a whole is easily one of the most classist, racist, judgemental, prejudiced cities I've set foot in. ",anger
I have no idea how we are down by ONLY 13. Its truly a miracle.,sad
I missed this. Wow that is a travesty,fear
Glad we agree.,happy
Legend says he still can't believe he's done this.,sad
what a cute outfit omg,fear
"> Is it weird to have more sympathy for animals than humans? It's frighteningly common, so not *weird*, but it's definitely sad",neutral
Wow what a surprise...,sad
"For me, it's tedious and frustrating enough to do it the first time, but I'm glad you enjoy it",happy
This makes me happy. Happy new year everyone,happy
"you are correct, but now it is over. and i cry",neutral
Thanks man! That feels good to hear. I’m glad someone is on my side and finally understanding how I feel about this season.😄👍,happy
it depends on the page you moron.,anger
"Fuck this team. I’m done, we all should boycott this bullshit",anger
Wow! This got far more real than I was anticipating.,sad
I loved [NAME] as a little kid but I wanted jean's powers but I couldn't stand how goodie goodie her and [NAME] were.,happy
"For serial rapists, its not about the physical pleasure. Its all head games. Damn freaks",anger
"Hear, hear. I'm just lucky my career field is relatively un-fuckerized. Truer words have never been spoken.",happy
"The 100,000 who died in the Tokyo bombing during WWII weren't killed by [NAME], it was just the passive spreading of fire. Fuck off, genocide apologist. ",anger
That was painful to read.,neutral
Hate to see him go. The only thing I’m complaining about besides this was the hagelin trade back in November. Both hit home,neutral
Well good for you man. Enjoy :),happy
Once upon a time I got banned for a whole day because of bad behavior... Oh wait that was all of us...,neutral
She has major SB😖,neutral
It had its flaws but I thought it was enjoyably campy and a fun ride.,happy
A surprise to be sure! But a welcome one,sad
burn the witch!,anger
"While I understand where you are coming from, this is a tad too aggressive.",anger
"Can't speak for that dude, but I'd say hell yeah they're a hate sub. ",anger
"[NAME] this is so true, sometimes i will remember it like 5 years later and still regret it",neutral
"Sorry I took so long, it’s the pangolin! It’s a crazy mammal with armor scales!",fear
Cheers mate.,fear
I miss big daddy buff,neutral
Definite Fridge Horror moment for that movie. That poor man.,neutral
wondering what the hookup scene is like in the north woods of Wisconsin?,sad
If he feeds the RBs and designs some QB fakes that actually fool defenses I’ll be happy with everything else,happy
"Haha, then i am in... :)",happy
Stupid pipe ruined a pretty good debut,anger
Poor and lonely.,neutral
"But, it entertains you.... in some way. Thats the point dude.",happy
He is a moron.,anger
It happened and I'm very happy,happy
It can make me angry - that and hearing my neighbors have sex,anger
"Pet-sitting is over, didn't know I was lonely without a doggo until now. ",neutral
Beat my second wife cuz obviously she put the evil eye on my first wife,anger
Seeing Capital Cities live so learning to sing Chartreuse out of excitement.,fear
"Hi, [NAME]! I hope you have the best day ever! -HappyFriendlyBot",happy
"Great post, glad you had a good time here. Xpost it to r/travel. ",happy
hahahaha yeah you tell him man! fuk da police coming straight from da undagrunnn hahahah just like that song right!,anger
"Damn, that's the only war we lost. ",anger
Shut up [NAME] we’ve had enough of experts,anger
Goat sighting!!,fear
I miss the Scottish [NAME].,neutral
Man this sucks. Hope you’re enjoying life in a big house with lambs!,anger
I’m glad at least one good thing could come from my experience!,happy
Bitch right!,anger
The [NAME] are all laughing at each other. They are divided. We need to strike them down while they are weak.,happy
He did get 3 stars bro😭,neutral
WHO WAS DRAAAAAAGED DOOOOOOOWN BYYY THE STOOOOOONE,anger
That last sentence pains me,neutral
Thank you. I thought I was going crazy for a sec.,happy
This story puts me in the mood for a jolly rancher,happy
I'm sorry man sounds bad,neutral
Nothin worse that doin the smooth criminal to be able to piss in the toilet,anger
Because it's not mildlyinfuriating that you have to ask strangers to not be assholes?,anger
"Yea feel sad for that kid, that native guy is an anti [NAME] activist who destroyed his life ",neutral
My nuts hurt watching that second part,neutral
"[NAME]: ""Wait a minute? You're on my list!"" [NAME]: ""What a coincidence, you're on mine too.""",fear
Even [NAME] got sick of grunge,neutral
Wow the [NAME] replies appeared in less than ten minutes this time!,sad
Aww that makes my day too <3,happy
"Shockingly, some people continue to educate and improve themselves. You might benefit from it.",sad
So those 2am cravings are really just my instincts keeping me alive,happy
Wtf Powerhouse Macomb is the gym I go to. I've never seen this dude there.,sad
"Because you didn't realize MEPS was an acronym? Yeah, definitely taking anything you say to heart. Piss off depper. ",anger
"Sorry, I laughed, not at you, but because this is so perfect and so relatable. Hope you're past it or getting past it. ",neutral
"Hey. As long as the person I help is better off than when I first saw them, I’m happy.",happy
"Hmm, I understand your frustration then",anger
"I enjoyed it somewhat, but haven't felt like rewatching (or owning) it.",happy
This is awesome. Makes it feel like a community rather than just a forum.,happy
Nothing. Fuck the environment so people can think they saved a few bucks. People are fucking stupid.,anger
"Windbreakers, we’re supposed to wear them when it’s cold as apparently a joke to keep us warm 🙃 I hate doing drive ups now",anger
Fuck shit bitch,anger
Don’t tell me what to do.,anger
Woooooooooo it took long enough but the UYU boys finally did it and made the league,fear
I can't tell you how happy I am that [NAME] and [NAME] are Polynesian Sauce guys.,happy
Luckily my wages are rising faster to compensate. Oh wait...,happy
Sorry for your loss. My bestfriend is turning 13 soon and I'm trying to cherish every minute we still have.,neutral
Yeah that pass,fear
"I couldn't let [NAME] become carver.. I regret it. [NAME] didn't deserve this, although he was fucking stupid to let his guard down",neutral
"Oh god, never thought of the implications of [NAME] not selling BB-8 as mirroring her parents giving her up. That tugs the heartstrings a little bit.",neutral
It's amazing the people here supporting the [RELIGION] church and the child molesters over duterte... I wonder why.,sad
Would be interesting to see a referendum where only UKIP and Lib Dem members vote.,fear
That's far from what happened and there is overwhelming evidence to the contrary of the circumstances of her death that it leaves no room for debate really.,neutral
[NAME] i really hate entitled people. Upvote if you think that EPs are worse than Antivaxxers.,anger
"P3 hit me so hard in the feels that every time I hear a song from it or watch anything P3 related, I just burst into tears.",neutral
Yes. You fucking troll me every time. Fuck you.,anger
Not a single one of these allegations are of Russian collusion. It's more perjury trap nonsense.,anger
Oh boy you’re in for a treat. Make sure you visit Austin if you move,happy
I can be hard on KAT at times but boy am I glad he signed here for 5 more years,happy
I get through a pack of tennis biscuits a week at work. Coconut bliss,happy
"THIS IS NOT DETROIT, MAN! THIS IS THE SUPERBOWL!",anger
"Wow, are you me? No one is a fan of season 1 but I definitely do this. There are little gems despite [NAME].",sad
"Yes! I play both, because I like the combat of one and everything else in the other.",happy
I hate Twitter more and more each day....the people on there are so toxic it literally makes me sick. They can't appreciate a good meme.,anger
And you wonder why Labour get's a bad name for anti-Semitism with statements like that. Ok hun.,sad
Man you'd be shocked to know some women still remain passive even when married.,sad
Glad your boss backed you up,happy
She looks almost devoid of color. Kinda like a manga. Amazing.,happy
"Thanks, we were kinda enjoying it at the time too",happy
Hated her. And that was honestly a more offensive reaction than everyone laughing at her IMHO,anger
People who mindlessly defend Turkey and Ergodan are very delusional!,neutral
Yeah - thanks - I vaguely remember this. I wonder what her net worth was year by year? Too lazy to investigate.,sad
Stop doing weird things,anger
I'm so depressed,neutral
Happy cakeday your username is fun,happy
You're an idiot,anger
"I've been looking forward to this But damn, I was hoping for some epic revenge story ;-; ",anger
nah man im just shook and dead™️,sad
Alright stop.,anger
My [NAME]. I think we have a winner. IT'S. A. REAL. PLACE. Best part,sad
"I'm so sad for you, I'm so so sorry. 💔",neutral
Can I start getting excited for [NAME] yet,fear
Never thought I’d see a comrade here,sad
You got it!,fear
You’re welcome! It’ll absolutely be worth it. And it’ll be fun! :D,happy
sorry it was absolutely not like that,neutral
[NAME] I hate that I had to upvote this dude to the sub it is in. Every fibre of my being wants to downvote this atrocity,anger
Yay!!!!! You’ve got this!!!!,fear
"Yay, I hope so! I'm feeling good about this decade.",fear
Sadly this is how you get shit fixed,neutral
[NAME] I hate this man,anger
Fire the ux designers and yes also our beloved [NAME],anger
This is the stupidest thing to get excited over (but I am),fear
"Oh cool, the new sign is up :) ",fear
It kind of surprised us how much of a feeling of control it gave us.,sad
Thank you for the specifics! Really helpful. Glad you’ve found such a good mix for you.,happy
"Glad to hear it’s open again, great spot. I still class climbing Coonowrin as the stupidest thing I’ve ever done.",happy
That’s Grandpa [NAME]. I stomp flaming bags with my boots,anger
you're going to relapse in two years because you have an illness that makes you use excessive amounts of things to cope with emotions..,neutral
Don’t be a class traitor,anger
FUCK LES BRUNS,anger
soon i’ll have an army of karens and no one will be able to stop me,fear
A great way to start the new year. Happy New year everyone.,happy
"There is nothing this Government could cut that wouldn't upset someone. Sorry, but weez broke.",neutral
"Oh, how I miss real spicy Chinese food. Day after, not so much.",sad
"Happy for him, great game. ",happy
It would be interesting to know what you've learned about other sects of [RELIGION].,fear
This sounds amazing!,fear
Pity because I enjoyed Max Normal.,happy
Happy cake day!!!,sad
Shame on you,anger
PEOPLE LIKE THING AGGRESSIVELY BE PROUD OF IGNORANCE,anger
"Haha, same bro. I am lvl 21 and still playing at least 4hrs a day. Loving it!",happy
I'm most amazed by implicit suggestion that you still aren't showing any signs. i mean coming out should be sign enough right?,sad
It’s a smart move but also hurts the business and possibly false. It’s rude.,anger
I laughed. But I'm really not sure if I should upvote.,happy
I enjoy living the lie. I do it everyday,happy
"[NAME], but they all seem to be genuinely happy with their lives and supporting each other, so I’m happy for them too",happy
"Right? That's news to me. I'll be excited when that happens, I wonder how that works.",fear
Save a spot for me! I'll bring the rainbow penis shaped bags of penis shaped rainbow glitter!,fear
I didn’t know I could roll my eyes this far into my head,sad
Watching this makes me angry.,anger
Happy looking fella ain’t he!,fear
The “sad [NAME]” tops it off,neutral
I genuinely teared up when I heard it in the game,neutral
"I’m surprised nyxl hasn’t done that with their overloaded dps roster, but a possible upcoming import limit might be the issue",sad
I literally screamed uncontrollably for 3 months and ended up in a mental hospital.,neutral
It could be worse. We could get [NAME] or that Philly traitor [NAME] back.,neutral
Go away [NAME]....,anger
Omg does anyone have a video of this,sad
It's shameful that he has to preface this post with his bias. Couldn't just leave well enough alone.,anger
Thanks so much for taking the initiative to do this! Not all heroes wear capes :),happy
Cried when [NAME] and [NAME] gave each other a big hug and [NAME] lifted him off the ground.,neutral
"And best of all, it is giving a child a loving home.",happy
Looks like I’m getting an incredibles suit designed for me in this class,fear
What The actual fuck,anger
Fuck [NAME] for continuing to give her a platform.,anger
When traffic is moving it is definitely not legal nor safer. I hate how dip shits like you spread false information on this [NAME] forsaken subject.,anger
"Thank you so much for the wonderful compliment, glad you enjoy it!",happy
GET THE FUCK OUTTA HERE RUDY,anger
Ice Cream or Tacos for me. Or the best of both worlds.... a ChocoTaco!,happy
That's the main reason to play [NAME]? I hate it too.,anger
Exactly my goals as well. Let's make it a great year.,fear
How dare you,anger
"Stay away from her kids, [NAME]!",anger
"And we play for 6 dollars, this makes me so angry we need a big ass casino in that game",anger
Fuck daesh *,anger
"Sorry mate, you’ve got the wrong sub. This is for **bad** UK.",neutral
hahaha. I was/am honestly surprised that is the only time I've heard of a parent calling a rapid.,sad
No kidding. Pretty sure my husband enjoys it as much as I do.,happy
I’m feeling very excited !,fear
"Hell, I'm saving your Reply. Enjoy being the first in my list!",happy
"Wow, automated can collection is news in 2019? Literally have done this for a decade minimum...",fear
The fact that she told you your sex life is over is insane to me.,sad
Fly out of KDVT? Love flying out there.,happy
I’m too poor to watch this 🙈😂,neutral
Dude nsfw this damn,anger
I'd argue they are advocating not fighting the fire in your house when the entire neighborhood is engulfed in flames.,anger
Seen as Child abuse in some places. Not illegal but judges hate it. No matter the sex.,anger
I want my Thick Blood feat to actually say “F*CK YOU” every time I deny a Peacekeeper their bleed damage.,anger
"Their roster just doesn’t work, sadly they didn’t realize it in time.",neutral
I miss him on our pp,neutral
No negotiations with terrorists.,anger
What? Shut up?,anger
The best thing about a traffic jam on 59 is getting out of it,happy
Cool I have a few friends that do the same I appreciate them being stories instead of direct messages,fear
I can only focus on that pastry.,fear
I get migraines too and I’m sooo tired the first two days of my period,neutral
"Oh wow, that was a serendipitous ending! The weed saved her life. ",sad
[NAME] on a pretzel. That is just...fucked up. Those comments are absolutely...I can’t think of anything awful enough to describe them.,anger
"[NAME] likes making us excited, but not *too* excited",fear
I'm actually surprised it stayed up. We already got a shitpost thread yesterday. I though the limit was one per week.,sad
Wow that’s weird. I’m too used to that age group complaining about “kids these days”. Thanks for sharing.,sad
Glad to see that thoughtful doggo found a home here!,happy
"Fuck it, it's every man/woman for themselves in this fucked City. I've given up caring.",anger
happy cake day,happy
Arguing a player is the GOAT among every position is just a dumb argument to even begin with when it comes to football.,anger
"53 months?? That is insane, must've been a different type of octopus then the one I was learning about. ",sad
What the fuck who likes cold,anger
the older i get the more it hurts,neutral
Those bastards lied to me,anger
"Dude, y'all anti American scum don't even believe in science. Fuck off with your generic bullshit because you can't list a specific example. ",anger
"I wouldn't even call this a CB, she wasn't offered anything and turned it down. Still sad, though. ",neutral
"Happy cake day! Have a great day and year, cheers. ",sad
"Congratulations! Welcome to the world, new person!",fear
"""...And what do I find out?! There is no [NAME]. This whole team is a god damn ghost town!""",anger
And everybody clapped! Fuck this loser!,anger
What a methy situation!,sad
I'll be shocked if humanity makes it to 2100. But yeah. It's a miracle I'm alive since I had the toe on the trigger.,sad
I would like to see the after justice of idiots like this,anger
I am clueless lately. None of my students parents speak English. It breaks my heart because I want to have more open communication.,neutral
I think this title is biased. It groups all media improperly.,anger
"I hate to sound like we're in a Santa Monica coffee shop, but keto diets are incredibly effective if you can stick to it",anger
"I don't blame you, this sub makes me feel crazy on a daily basis. ",fear
You can't demand historical accuracy 'at all' then. It's logical fallacy.,anger
"And it seems, just genuinely nice, hilarious, and passionate about her work. I hope she gets more of an edit from now on!",happy
"Wow, what a controversial opinion.",sad
Can’t believe they actually got married. What a joke,sad
The only happy ending I enjoyed on this sub. Good job.,happy
"I beta-tested Gwent. After all that and everything after launch, I'd still rather just play it as a minigame in Witcher 3.",happy
And the sad part is this goes on for decades and decades grrrrrrr,neutral
I’m glad,happy
They're a match made in heaven!,happy
"This is a test, now YOU have to give away that gold. Your donor was a cruel benefactor. ",anger
"Dam tears in my eyes now, but seriously great job ",neutral
"Watching Revenge sometimes makes me cry, thinking back to when I tried to memorize that song, and listened to it over and over.",neutral
You didn't need to split this into two posts...,anger
"Ooof, I’m so sorry, that is rough.",neutral
"Well, whaddaya know!",sad
Mom-emotions are always heartwarming and honest but dad-emotions make me tear up. Fuck,neutral
Shawty whats wrong with you. I want those people dead,anger
"My girlfriend barely tolerates me showering in the morning, she'd be furious if I'd let an alarm ring while I'm away. And rightfully so. ",anger
FUCKING NORMIES REEEEEEEEE,anger
I'm so sorry. That's awful.,neutral
I feel attacked,neutral
I tip my invisible hat anytime I drive past this dealership. What an unfortunate surname.,neutral
a surprise to be sure,sad
A RACK ON IT YEEEEEE GONNA LIVE BET THAT SHIT AND SECOND HALF 3K let’s goooo,fear
"You fucking got this bb, one step at a time. The DD is here for you.",anger
"Bruh, I’ve been getting this tough love since I was 18. Hence the dusty balls. ",neutral
Is that a real tweet? From the actual president? Not a parody? I can't tell anymore.,sad
Protip- just smell your damn food. Use your senses!,anger
I’m sorry to inform you that this man is an imposter. I’m actually undercover atm.,neutral
"You sure are outraged about some people making fun of [NAME]. Gee, that's easy!",anger
"Yeah I did think that was the case, thank you! So excited to see my new Capstan!",fear
"I was so hyped after the zach shot, I'm still crying ",neutral
That’s a lot of chonkers!,sad
"[NAME] "" haters gonna hate"" the most cringe I've seen of any politician. Worse than [NAME] benefit singing some working class song. ",anger
[NAME] are you me? Like I was relating and then you said rot in Atlanta traffic and the pains of 285 burned into my mind.,neutral
Was it just me or when they showed the backboard camera did the hoop look like it had a surprised face?,sad
Oh god. Imagine losing to Toronto in the cup final. You would spent the rest of your life hearing about it,sad
The kind you enjoy & can fully devote yourself to.,happy
Black people still get shot unarmed. Comparing suffering is stupid and pointless.,anger
"Haha, thats brilliant.",happy
Ate too much “hot chips”,happy
"Honestly after he was so reasonable and calm throughout this confrontation, the hatchet man tattoo made me chuckle. Definitely unexpected.",sad
"Wow, never knew about [NAME] and I thought I was well-read!",sad
"Ooh, and they make the joke be able to be known by everyone so viewer thinks they are special",happy
"The best one for me is still Borderlands 2, and it’s been a fucking while. Amazing how far ahead of its time that game was.",sad
This hurts to hear because we know it's true. There are 16 year olds who have experienced more than me.,neutral
I can guarantee you for many the hate for this administration started much before the election results were in.,anger
Suddenly went 6 to midnight TBH,sad
I hate the way [NAME] kisses people. Like smushing his face in a figure 8 on their lips. Ugh,anger
RIP manning lol,neutral
That's just a tad frosty. I'm ready to ice skate to work on thursday amsterdam style.,fear
he stopped talking to me 🤷🏼‍♀️,neutral
"There. Are. No. Moderate. Republicans. Repeat this, nonstop, everytime she is mentioned. She is an extremist who pretends to be moderate.",anger
"happy birthday, have some gold!",fear
So I should definitely give up on real life is what you are trying to say huh? :(,neutral
The one that is a sentient being; the one that's most affected.,neutral
it is adorable that you think that,fear
literally exactly my thoughts on this!!! also happy cake day!!,happy
Oh poor guy. That’s so sad. I can see why she is an ex friend.,neutral
What? No angelic BROWN EFFIN COW????,sad
"I see you're a new fan, enjoy your stay!",happy
That was intentional as fuck. I don’t know how anyone could argue that after that insane contortionist layup over [NAME] last week.,anger
Poor cat.,neutral
[NAME] has progressed so much this season. Took him a little bit to start getting his confidence but I’m a lot more excited about his future now,fear
"Gettysburg is awesome, I've been twice. I want to go back as an adult! Have fun!",happy
"Yeah I feel like we’d be able to do *something*, just not sure what... I find it interesting as hell though! ",fear
And they lived happily ever after.,happy
That's ignorant as all hell. Tell them to buy their own.,anger
"Sadly too easy to gank. Bronze brawl 4-man notices you are split pushing, you are dead.",neutral
My son told me he hates me,neutral
Oh mah gawd!!,sad
Wooooo! Yeah! -applause-,fear
My god. I could have written this. This exact scenario happens to me too (including waking up at 5:30 on the weekend),sad
"Optimism dial at 13, absolute mad man",anger
"Dude, you made my day. ",happy
100% scam,anger
Most exciting abortion I’ve ever seen.,fear
"if he would only have any marketable skills, alas I think he is going to serve hard time",sad
It’s pretty captivating in a make you want to throw up and then beat the shit out of [NAME] kinda way.,anger
Pikachu shocked.jpg I hope we give him a fair chance and he succeeds,sad
"Oooo, shiny! (Is the blue one the new one?)",fear
"Glad I could help. Feels good once in a while, I know the feeling.",happy
We’re all bible on this blessed day,happy
I find it really strange how people align themselves with or against a politician so strongly.,sad
[NAME] still got a little pop tho for calling for the match. Makes me smile that the crowd still loves her.,happy
I didn't even know there were two types of strep. That's very interesting!,fear
Your comment is completely irrelevant and you're trolling me in order for you to cry and whine about Detroit. Get out of here.,anger
Lots of physical intimacy and sex almost every time we met. Never suspected that this would ever become a problem.,sad
Happy Birthday!,happy
I would think I was in a horror movie and lock the doors. Lol,happy
I got mine at 21. The ex wife would have had me snore instead of wear it for years.,neutral
I'm really enjoying Season 3 but this would ruin it for me.,happy
"Yay, congratulations! :D",happy
Because learning another language is cultural appropriation. This people are pathetic.,neutral
Srs glad she's going to stop cancering herself,happy
I was in Buckhead waiting to celebrate in the streets. Ugh. [NAME] freakin [NAME].,happy
When my [NAME] is crying...,neutral
"Fuck me, that is good. ",anger
"I'm not ready, I'm not ready, I'm REALLY not ready.",anger
I was so happy for cowboy,happy
The Homestead Crater is fun. I also like the Crystal Hot Springs!,happy
[NAME] was right! Best lipsync so far! That should be a double shantay and holy crap I think [NAME] may have just become my favorite queen!,fear
Our games against San Fran always seem to have amazing finishes,happy
These questions tell you'll be a fantastic dad! Don't sweat it too much and make sure you enjoy it. They grow up quick :),happy
"[NAME]? Nah, that's him in the background. The idiot with the leaves is [NAME]. It's always fucking [NAME].",anger
Found the selfish and shitty anti-vaxxer in the thread. How many of us have to die before you get your fucking kids vaccinated?,anger
Wow that’s one way to get out of it for a while 🤔,fear
"Fuck yeah, I eighteenth this. ",fear
shucci a lil BITCH,anger
too much internet,fear
Yep happening to me all the time at my college. Fuck everything,neutral
"Oh my god, zero-calorie Gatorade is a thing ^(i don't care how many chemicals are in it if its zero-calorie)",sad
Im fine with complaining. A little surprised he's complaining without playing or even reading the patch notes since they were released.,sad
Removed? Damn no respect.,anger
"Wow, really? I hope this kind of event doesn’t happen that often. ",sad
I'm crying. Their faces 😂🤣😂,neutral
He has become that which he swore to destroy!,anger
I was jumping the same gun but decided to do some googling just in case. Glad I did :),happy
"[NAME] is lining up for West Ham, holy shit im excited to see this play out",fear
"yeah violence shouldn't be your goto first option, but the people who pretend words are meaningless sounds are stupid idiots",anger
No wonder crime is going up if these morons are in charge.,anger
£20 per child?! That is ridiculous! You can’t buy much of anything for that! I am furious on your behalf!!,anger
That's awesome man. Keep it up bro. Glad to see there's some people out there that still care about others,happy
"That's still a fucking insane number. 70% is goddamn insanity, and the only reason you're alright with it is because you're unaffected.",sad
"Don't bother, redditors hate Israel ",anger
"Sorry, but isn't this a little too obvious? As the old saying, the early bird catches the worm.",neutral
"Didn't expect him to land back in the championship, although mears was much more unlikely",sad
What a cringeworthy load of kak this is. Wow I have no words.,sad
"Also, on my phone this didn't show up as a ""cross post"". Sorry!",neutral
How the fuck is that not ticketable.,anger
please fire this fuck head im tired of losing games because of our power play,anger
"It ruined me, too. D:",neutral
"I enjoy it as well, there's dozens of us!",happy
That was brutal.,anger
"Glad you had fun!! Did you all, ya'know? Did you all make plans to see each other again soon?",happy
That looks like a fun group,happy
are you fcking serious sis,sad
For fun!,happy
Wow. My first comment here (I think) is met with hate! Ouch!,fear
*[NAME] playing the world's saddest tune on the world's biggest violin.*,neutral
"Glad you are resting better, and as for your friend he deserves the brownie points. ",happy
Happy Cakeday! I met my partner of 6 years at a London [NAME] meet-up 🤩,fear
Sadly they aren't in control. [NAME] is and he'll always do the worst possible thing.,neutral
"Oh look, it's wr2! *proceeds to get fucked*",anger
Worst radio ever.,anger
You realize everyone sees you REEEEEEing all over the place right? You can act nonchalant all you want but obviously youre one salty sea dog,anger
"[NAME] knocking [NAME] out. Somehow, I didn't expect the brainwashed soldier to betray the kids.",sad
What the Fuck?,anger
"True, and so sad to see. Somewhere along the way, the governing of a country my mutual consensus turned into a national sport with 2 teams.",neutral
lakers bout to get KAT fucked now,anger
I passed the aftermath of this wreck on the other side of I-20. What a tragedy.,neutral
Except it destroyed 76% of America's scooby snack production. May Shagster have mercy on us all.,neutral
"This momentum control by the refs is killing us, and we're letting it",neutral
Damn *fabulous*!,fear
Wow good on you! I hope to have similar progress this year. How’d you do it?,fear
what a crazy ride,fear
happy birthday dude!,happy
Thanks! Itll take some getting used to for sure but I'm excited to move on.,fear
I wonder if these little creatures with their big bulgy eyes ever poke themselves in the eyes accidentally.,sad
Shocking isn’t it,sad
[NAME] blows. Be happy she’s gone,happy
">more money than you I seriously, *seriously* doubt that. >doing something before this guys are outta the country Prove it.",anger
Which is why I'm glad he turn around as he did. xD Still is both scary and funny if you look at it from a different light,happy
"I am happy to receive constructive advice. If someone is short, or not constructive, I will react to it.",happy
omg lke ikr,fear
Oh wow!!!,sad
Sadly I know lots of peeps that would find this dude hot. He has that LA 90’s Persian chic thing going for him,neutral
you fucking moron,anger
I'd be more than happy to indulge this toothache.,happy
I’m surprised they find toothpaste still,sad
That would be cool too!,fear
Can’t wait for this match,fear
> Then and only then might you receive ~~a tip~~ **whatever change we have leftover from our grand expenses.**” FTFY. Sadly.,neutral
I watched the Lego thing with my 7 year old cousin and I was surprised at how quickly I became invested in it.,sad
The monster!,anger
you beat me to it. Take your fucking upvote,anger
>It's not that I care Every reply now is you crying about being downvoted lol,neutral
"I'm so happy for you and so, so, so proud of you. It's HARD to talk to your doctor about this stuff.",happy
Constantly worrying about her and not feeling pleasure without her presence could be. You need to talk to a therapist.,neutral
I wonder if the formal letter from the psychiatrist will help if cops just decide to shoot her first :(,sad
Yeah! We should have given him justice by believing in claims with no merit! Yeah. Btw. [NAME] raped me 30 years ago! Get him!,neutral
I had one of those... my cat broke it.,neutral
"Funny enough, I'm a Braves fan from CT whose main football team is the saints... So I don't like this post one bit. ",happy
I live in those unfortunately,neutral
U dumb.,anger
"[NAME] damn it, I knew something was wrong, oh well.",anger
You were shot by a Vigilante!,sad
That made me laugh and if my mum’s mind was still here she’d laugh too!,happy
I'm really excited for this. I loved the sense of adventure / danger in Sunless Seas.,fear
It's sad that nearly everything seems ok as long as [NAME] told you to do it.,neutral
"The happiest of birthdays to you, [NAME]!",happy
Imagine ur mom doing that I’m crying,neutral
"Problem is, it is Bantam and younger. I can teach breakouts easy enough and I don't need a panicked D zone to do it.",anger
Happy birthday [NAME]!,happy
Yes that was abuse.,anger
But they did they say excited to bring their current roster to Columbus...,fear
I know a dozen local school administrators. What the hell are you talking about?,anger
"Happy to not only have the same birthday as him, but to also have a ball he threw into the stands after the middle of the 9th inning. ",happy
You sick fuck it has heads and arms we can’t eat that.,anger
I have no friends.,neutral
Wanna trade lives? I'd gladly take normal height with hair and have the same experience.,happy
Can't believe people like this actually exist.,sad
Shut yer mouth libtard and get yer MAGA on! /s,anger
Of fucking course it is...,anger
Had surgery at 3mnths old to fill a pinhole in my back (spinabifida) Cutting myself after some severe postpartum depression,neutral
okay I just checked and OMG IT's SO TRUE (mostly) I really am a [NAME] <3,sad
[NAME] and [NAME] are the only reason to tune in at this point. Happy birthday!,fear
That...felt good...can I cry on your shoulder?,neutral
"I like [NAME] so far, but I know I'm alone in that.",neutral
"The third was fun with the [NAME] & [NAME] banter, but my vote still goes to S1 for being mostly faithful.",happy
Just got back from Orlando to Chicago yesterday. I have a good feeling about this one!,happy
"I do that on my boyfriend too haha, super soft and makes me feel safe! Maybe we are all crazy",happy
They wanted [NAME] to be in the cameo and both to wish her happy birthday as specified in the order,happy
You crush them up,anger
hey at least you've got a friend group chat,happy
YOU BLEEPING NEED ME! YOU CAN'T MAKE THIS SUB GREAT WITHOUT ME!,anger
"I walked 500 miles and then I walked 500 more, you can’t relate to my pain 😤",neutral
surprise surprise! cbs loves this phony old wannabee,sad
Wow calm down,sad
So pure I'm smiling :),happy
Im surprised those ebrats who tried to steal your step daughter's board didn't complain to the mom about it.,sad
Wonder what the sub’s average age is.,sad
Shocked we didn't take him back and plunk him in the minors.,sad
[NAME] is getting very unhinged I almost feel bad for him at this point,neutral
I mean I like the park and I was surprised by that poll too,sad
It’s really sad to see,neutral
"Translation: ""I have no argument so here's a rude comment"".",anger
Oh my [NAME]...,sad
It's just sad; she was just nice and normal before she messed with her looks,neutral
I feel a little sad for her. That she thinks the only options or something to do is having kids. Fuck her tho.,neutral
BITCOIN SEND MONEY INSTANTLY (waits 6 months to get money and still praises site),anger
"You. Are. Awesome. Also, congratulations on the baby!!!!",fear
They shout it near the end. Listen for WAAAAAAALLLLLL,fear
Happy New Year.,happy
I would cheer hard for a Cyborg win in that tourney.,fear
That day was incredible.,happy
Where is that damn SaLt LiCK,anger
"My aim in battlefornt 2 is pretty good = navy seal, elite unit",fear
"Not one bit surprising, yet also not really a men’s rights issue",sad
How dare you not find domestic abuse funny! /s,anger
it's funny how conservatives always say that leftists get angry over everything when conservatives get angry over a starbucks cup or a brown man existing,anger
Aaaand everybody got diarrhea. Thanks dummy,neutral
Burn through ALL THE DATA,anger
"Welcome home, and welcome to the front lines!",fear
Looks sick actually.,neutral
Gawd but [NAME] is a bitch.,anger
That was fun,happy
this is painful,neutral
Doesn't look like any 12 year old I've ever seen.,sad
I've never seen a more adorable tumble,sad
"Finally some good vibes in this sub, im happy for you man!!",happy
Oh what a day! What a lovely day!,happy
You guys really took this loss well. I'm stunned at how not-salty you minor leaguers are taking it. Totally not full of excuses and what-ifs.,sad
That's some bitchy whore,anger
I remember them looking very happy. I loved that they were there and seemed very happy about what was happening.,happy
I just don’t like him 😂,anger
U get an updoot from one sad person to another,neutral
We gotta throw the whole world away,anger
"Sadly, it was not",neutral
Being in a 3 person friend group fucking sucks sometimes m8 I feel like the least loved a lot of the time,neutral
What did the dyslexic atheist insomniac do last night? He stayed up all night wondering if there was a dog,sad
I love when you get the text afterwards - my last donation apparently saved a life in Cairns! Really cheered me up actually.,happy
I am sorry but you have to accept your reality. Thare ain’t nobody here who can help you on this problem. Just call 병무청 ASAP,neutral
"That weighs heavy on the heart, I’m so sorry for your loss",neutral
"Fuuuck, brutal",anger
Damn this was deep. Hope the best for you and you could really turn this into a short story or something of the such.,anger
my favourite kind of cookies.,happy
[NAME] lost her guitar canonically,neutral
"ahah I hadn't even thought of it until the scenario I mentioned above, so dont feel too bad.",neutral
Ignorance is bliss,happy
"Wow, I just googled it and holy shizz that's an insane difference.",fear
Left beer outside so I could make a cool picture for reddit. Please give karma.,happy
Sweetener is full of bops! Wish she would release another single from it.,fear
Well fuck. Just glad to get the point outta that,happy
I hate watching [NAME] play I can tell before he steps over half when he’s gunna shoot or pass. His BB IQ is atrocious,anger
"Ahh damn! Gotta pay attention to that, never even knew!",anger
"Somebody should make this a smaller video to share it around, this poor kid is going through a lot.",neutral
I’m sorry about your pup. At least between the two of them she won’t be neglected? I just feel badly for you.,neutral
Lol!!,happy
"Hot dang, this almost makes me want to go to the dentist. ",fear
no do not destroy [NAME] pope and glorius god emperor will cry :((((,neutral
I feel so stupid. I’ve never made the connection between [NAME] refusing to play for SD and [NAME],anger
"Which totally makes it less funny for a person like me who has never seen this before, and laughed. ",happy
“Touch me again and I’ll kill you.” I’m low key blown away that The Last Boy Scout even *made* it to Australia.,anger
wow. I think you've done all you can.,fear
I'm glad none of you are GM,happy
Wow. I didn’t realize a simple medical term like obesity judged a person’s laziness and intelligence. 🙄,sad
Please go to youtube and leave a comment and share :) Happy new year!!!,fear
[NAME] isn’t a rocket scientist. I was surprised about the Thailand thing tbh I did expect it to be true haha.,sad
"She is smiling in the picture and, to add insult to injury, seems pregnant in the video.... ",happy
PUT THEIR BLINDFOLDS BACK ON!!!,anger
Suffering from success...,neutral
Of course. Just know that I know that you know you're a liar.,anger
Calm down. What the hell. I just tryed to tell you that there MEIGHT be a different side to that story.,anger
I guess I am totally alone but I am really enjoying the audiobook and haven’t had a single complaint. I’m half way through now,happy
My grandmother-in-law does this. I’m sorry to anyone in the Va Beach area.,neutral
I’m just in awe because this will actually get so many people up in arms.,fear
That poor snek :’(,neutral
"I hate the argument too. It betrays and exposes the violent, primitive ape amygdala response that is most Human social interaction. ",anger
I used to fantasize about my morning oatmeal. One packet of instant oatmeal. [NAME] dreamed about it.,fear
"Not one single figure anywhere to be seen. Reminds me of auld Soviet propaganda. ""The harvest is up"" ""People happier than ever""",happy
"You guys are heartless, smfh.",anger
So PST it is. Glad we agree.,happy
I can hardly hear you over those goal posts moving! Ahhhh the facts! They hurt! They hurt so bad mama!,neutral
Ooooh wow. 😆,sad
[NAME] i feel personally attacked,neutral
I'd be shocked if he knew much of anything about the EU.,sad
People are legitimately monsters.,anger
"You mean Ichigo/Nero/Black Ranger/I'm a Frog. Did not know that [NAME] voiced [NAME], but it does exsplain why he sounded so familiar.",sad
Poor crack baby 😥,neutral
"I am now sad the latest Thief was so mediocre, because the actual City the game took place in was a great little world.",neutral
"I got matched with the best [NAME] in the world today, it was well fun. Felt happy to win a round ahaha.",happy
It’s $7 is what it is. Which thrills me,fear
Nice! I'm glad there was a great turnout. Congrats!,happy
Happy New Year to all my fellow Asuka mains and all you dirty bastards who show no hespect. Cheers!,fear
Me thinks this crosses the line of dignity. Makes me sad. It’s one thing to expose things but another to mock it.,neutral
I AM CERTAIN THIS IMAGE HAS FULLY ACTIVATED MY EXCITEMENT.EXE. bad bot.,fear
"I didn’t like him before this, now I really don’t like him. ",anger
TIL that [NAME] is a guy.,sad
Wow! I didn't even know there was a handball world championship.,sad
Happy Anniversary!,fear
OH MY [NAME],sad
[NAME] IS SO OLD HIS FAVORITE ROUTES ARE TO THE CVS AND CRACKER BARREL.,anger
I'm sorry that happened to you. You planned a awesome day that I wouldve loved celebrating with you. Happy Birthday,neutral
"The Right: ""Why won't the left let us rape, abuse and brainwash children without putting their liberal noses where they don't belong.""",anger
You want forgiveness? Stop spamming.,anger
"He has actively lied about and misrepresented Canadian laws and legislation, even after he's been corrected. ",anger
"If you need to vent or anything, let me know. I'd be glad to chat or even just listen, whatever helps. Stay strong!",happy
FUCK TAMPA. FUCK TORONTO. WE WINNING THE MOTHERFUCKING CUP,happy
Yeah wat a fucking knob right? Fucking nick...,anger
What a sad post. I cannot believe people actually follow their advice.,neutral
Is this a real thing!?! (I am clearly very sheltered),sad
He is holding you hostage. Sad state of affairs.,neutral
My pleasure ☺️ hope you enjoy! She seems very sweet.,happy
"Actually surprised it's still going. It was fairly fun from what I remember, albeit a bit rough around the edges.",sad
Originated joke by:,happy
And unfortunately videos like this act as a constant reminder that most people are complete dumbasses. Sad really.,neutral
"Yes, they suck for making a profit off of people who are proven to be high risk. How dare they!",anger
"[NAME], I'm excited to watch your journey and hope you have massive success! ",fear
What a poor woman who only wanted to tell someone what to do.,neutral
[NAME] fucking christ. When [NAME] came into the league he was pretty much as skinny as [NAME] is now. And look at the dude now.,sad
"The fact that ""TrueChristian"" and ""TrueChristianity"" are so [RELIGION] is extremely telling. The faith is dishearteningly fractured...",neutral
I just never felt like a boy. I hate my body and I just feel like I can't express myself for who I am.,anger
Happy birthday!,happy
Surprisingly all of my family keep their toasters on the work top despite being [RELIGION]/Unionist ?,sad
"The best feeling ever was when class was over and it never got to your turn, so you didnt have to present until the next day",happy
Yikes on the sauce!!,sad
Someone who’s to sad and empty to care about toast... me I guess?,neutral
yesterday was a fucking travesty to the game of basketball,anger
"It's a last resort when I forget my iPod, I swear",neutral
That’s a new level of blonde I never knew existed!,sad
"Usually it's not entertainment, it's mostly curiosity and fascination. Like when you see something horrible, but can't turn your eyes away.",happy
That's interesting! Here I am having been saying I grew up near the original all my life. I will correct my story.,fear
"We had a baby, it's hard to find the time to take them down.",neutral
"I just came home, what the fuck is this lineup? I love you [NAME] you mad bastard !!!",anger
Unnecessary. This was painfully obvious,neutral
I wonder how many didn't get the joke,sad
I won't stop crying 😭,neutral
"MOTHERFUCKING FLYING MONKEYS, AHHHHHHHHGHGHHH!!!!!!!!!!!!",anger
"Now is the fun part, where you try to maintain this lifestyle.",happy
"I thought it was something about the dog not smelling your drugs, but now i'm just sad that you didn't get to pet it :(",neutral
It was stupidmancostume,anger
"Lack of content, which led to shipping wars, which destroyed everybody’s minds, which created this.",anger
I am so happy that sub exists,happy
I feel sorry for her son that must have been super cringe,neutral
Just stop.,anger
I’m happy I could help. Let me know if it works,happy
"Oh like ""both of."" Gotcha. Good times",happy
This is on a video about electric guitars what the fuck?,anger
"Good catch. I guess I was just remembering the shift after the first debate. That's pretty sad, tbh. ",neutral
I was flabbergasted when I saw it.,sad
I feel that nobody cares and nothing will be different because this is a total non issue for vast majority of people.,neutral
That's really creepy. What is crazy is that 9 year old's get cell phones now! Times have certainly changed :p.,sad
Oohhh so you go to school on a military base? Is your mom or dad in the military or both?,sad
If she canf even protect herself what the fuck is she doing in a business that protects others.,anger
Understood - PM was all gears and no downtime. Last thing I would want is another bloody job like that. Cheers,anger
I’m definitely leaving him. I have a 0 tolerance for cheating and won’t be staying for it to happen again,anger
Thank you for that :) I'm not OP but I am really happy to read your comment.,happy
I'm always happy to have you in my box.,happy
"Awe, poor baby. ",neutral
Hard to follow after reading his post history. Says he is divorced...,neutral
"This exact scene, as a matter of fact, haha.",happy
Oh my [NAME].,sad
Sadly I think this is true & maybe this is the incentive adults need to get into action,neutral
I was surprised too,sad
I'm glad to see when people succeed! I'm very happy for ya and life is going uphill which is always a great sign,happy
i am shocked... SHOCKED I TELL YOU!,sad
"Unfortunately I'm guessing their toxic attitude will alienate them from others, which will only make them more angry and resentful.",anger
i hate furries,anger
#Fuck the cowgirls & iggles,anger
"DEAD DUCK INSIDE DO NOT EAT. Well, I’m not sure what I expected. ",anger
"I was honestly shocked when they denied an overpayment, especially since after the charges cleared it would have been a $0 balance.",sad
So happy I bought a PC. If you’re looking for a better experience across ALL games I suggest you do the same.,happy
Wow... drug smugglers will always find a way I guess. I bet that took a ton of work,sad
"holy shit that person is a fucking asshole, talk about a huge red flag for your stepbrother.",anger
Hello. I’m sorry you’re going through that. Why do you think it’s impossible to leave?,neutral
Anyone else see her 10 year challenge post today or yesterday. I'm so shocked she wouldn't pick this picture.,sad
That dog was so happy I thought he was gonna start flying like tails the fox in sonic,happy
The line the reviews were not positive made me laugh for some reason.,happy
I deserved it. I'm a garbage cumslut. He owned me and he took his property.,anger
Ditto this. Happy hour after work is nice and low-commitment.,happy
Don't forget about the flooding in Houston. :/,neutral
I like turtles.,happy
Sounds hella aggressive. You can say the same thing while being nicer about it.,anger
"Ironically, everyone else (except a v small%) are thinking the same, try keeping this in mind next time.. enjoy your day",happy
im still starving,neutral
Oh no.,sad
Yeah I don't mind the odd hunter or a daddy long legs but fuck those red backs. And whitetails Those cunts are vicious as all hell,anger
That poor janitor.,neutral
"Personally, I assume that those who claim NOT to be deprived in this way are just adept liars. That's how deprived I am.",neutral
Name one thing this person in power has said or done that’s racist. This should be fun..,happy
Wow. Good thing [NAME] are known for having ample savings since our country treats the average worker so well.,happy
Surprised he didn’t get hit with a random drug test,sad
He's a hypocrite like everyone else in his family and party.,anger
"Shit, I lost the original page. Please forgive me.",neutral
She's a piece of work. I'm glad you're reporting your account issues.,happy
"Ah yes. Recursion. The backbone of Marxist theory. Glad you brought it up, chap",happy
Except [NAME] is worse,anger
I fucking love New Years day with the Hawks playing in the Winter Classic,happy
Absolutely ripping for that show. Really excited to see what they play!,fear
Definitely surprised we took out [NAME] there. We needed to finish the quarter strong and it went straight to shit when he left.,sad
Wow no wonder everyone is driving mopeds around. That's all there's room for.,sad
Poor [NAME] doesn't deserve that!,neutral
"Yup, cats can you think it could get the correct call. The US and holy shit how do you know there are too brittle.",happy
I will take it a as serious question. Sorry. I am in Europe,neutral
He was aggrieved that people didn’t recognize him and recognized steroid users instead.,anger
[NAME] just think of how overworked her liver and kidneys must be!!,sad
Sorry I failed to mention I'm relatively new to the scene . Last 2 years only,neutral
Same here. It’s very hard. I really feel for you.,neutral
I was thinking it’s sad that a team that hasn’t had a FRP for what seems like a decade has a better record than us.,neutral
poor [NAME] is in jail now for assassination.,neutral
"Thank you for this, so excited!",fear
I hate text speak . Do you really want to dumb down your argument more than you need to?,anger
I'm mad at the process and happy with the results for Thrill tonight.,happy
"[NAME] is a sensitive topic for me, so when she is brought up, sometimes I just go on a little tangent. My apologies. ",neutral
I hope all my muscles cringe so spastically all my joints come loose and I collapse into a writhing agonized pile of blood and meat.,neutral
Oooo too soon man,sad
10/10 reading. I don't care if it happened this way or not. I was sufficiently entertained!,happy
"This is most excellent news! Also, glad to know he went on to work somewhere like Google.",happy
Huh. Siege is still a thing. I miss the old days. :(,neutral
12 players had points! Everyone except [NAME] had a shot on goal!,fear
That is awesome to know. I’m moving back to Chicago in August.,fear
[NAME] sounds happy to be back! So glad we have the full crew today!!,happy
If you just slam on the brakes and accommodate these assholes they usually don't even realize they've done anything wrong,anger
This must have been the fastest reply I've ever gotten omg,sad
It’s been over 20 years since I rode the 15. I’m still traumatized.,neutral
Made my day,happy
Oh no the poor man,neutral
Mom has a Buc-ees cup!!,fear
I was inspired by your post to grab a thing of Greek yogurt with pineapple I've got in the fridge. Hell yeah.,happy
No problem. I'm happy to know it's not what you meant.,happy
well i’m proud of you and that’s awesome,happy
"Sorry, is Russia depicted in the cartoon?",neutral
"Glad it finally made it.. I was beginning to think ""[NAME], I hope this guy doesnt think I welched on the bet"". LOL",happy
Makes it even weirder that she now hates America,anger
this is such a happy video,happy
"I am sorry that you are experiencing such deep suffering and such pain. You matter in this world, and we would all be diminished without you.",neutral
"Hey if any are left, I'd like to happily donate!",happy
Laws don’t apply when you’ve got money. Sad but true.,neutral
Once we win week 1 next season this sub will turn around lol,happy
That’d be lovely. Although now I have to root for AD to the Lakers which makes my chest hurt,happy
Now this is some good fucking content,fear
Wonder how many people are walking around with slimey noses trying to figure out if this does work.... Besides me that is,sad
It's beyond evil. It is pure demonic when it's that pure sadism and vile sick torture. I hate them guys.,anger
"We know Verb. Wait a minute, you’re not Verb!",sad
I’d gladly,happy
I’M HOT ALL THE TIME :( pre-pregnancy I was cold a lot. This is worse.,anger
"You shouldn't have been leaving anyway, witch. Go write a funding bill. You know... do your job.",anger
That ending made me so fucking happy. Fuck that guy. Congrats to you.,happy
"Think you're pretty funny, don't you, freak?",happy
"I can only download games using SteamCMD at work at the moment, so yeah, glad I could buy it before the shutdown",happy
"take up english sometime, you might enjoy it.",happy
"Wow, that really hurts coming from a demented troll sockpuppets brigading me on this sub",sad
An entire family gone within minutes... how absolutely heartbreaking.,neutral
I put so much thought into things that often I trigger myself unintentionally. I can be hurt before something has a chance to happen.,neutral
"I still enjoy the content here sometimes, but....finally! This post nailed it.",happy
His left hand is mightily fucked.,neutral
If they add the yellow boots I’ll be happy. I really like this suit,happy
"Whoa, settle down big texter!!!! Not even sure how that happened?",sad
I'm 21. I've entered adulthood and I even have to face negative comments from family members. Adulthood won't save me.,neutral
Lindt don’t fuck about,anger
"So predictable. I bet the bomb is in the puck. Anyway, im exited for the [NAME] and the robot butler cameo.",fear
I cant stop seeing SS VS BM,fear
[NAME] 12 min long? That other 1 min video spoiled me.,sad
"I’m a crybaby now, but I’m so happy to see happiness",happy
Welcome to the hype train. hahhaha,happy
Wow did you really just scam me😔,sad
"Are you implying that I can not determine guilt by seeing a person's skin color and tense smile, you fucking racist?",anger
Meth is a hell of a drug.,anger
"All. I too, am drunk, and will be enjoying half price burgers at Whitlow's once my appetite kicks in. ",happy
I still hated the system though. I felt penalized for using anything that wasn't the power beam the entire game.,anger
Cant wait to hear a hot take from the second dumbest people who ever loved ([NAME] ots the first if you are asking),fear
This. Making my animals happy is one of the only things that makes me happy.,happy
You are oddly defensive about a random chef. Did you come to /r/wewantplates just to insult people and build up this chef? [NAME],anger
"I might be interested, been playing 5e in a couple campaigns now, happy to talk further!",happy
Why the hell do we sit trae in crunch time we probably won't win. Give him the XP. Very frustrating.,anger
"[NAME], [NAME], [NAME], and [NAME] all at top tier make me happy",happy
Now you’re repeating yourself. Boy bye #wasteoftime. Have fun trying to call this company and their products bunk when everyone loves them haha,happy
Aw thank you! Glad you enjoyed it :),happy
How is this the epitome of slavery? Nobody is forcing you to do this. Stop being dramatic.,anger
Juicing at 19 seems so extreme to me,fear
"Yeah like ""oh yeah? No shit?""",anger
Im glad youre going to be a perfect parent who never makes any mistakes. Make sure you write a book!,happy
"Love it! It’s somewhat realistic. Maybe not that THAT degree, but I enjoyed it.",happy
"Interesting that the starters are out there in a blowout on the first night of a back to back, [NAME] must be trying to send a message to them",fear
Glad you liked it!,happy
"Eeeee busted, I couldn’t help myself hehe. ",happy
No it wouldn't you dumbass,anger
Where are [NAME] and [NAME]??? Time to kick some butts!,anger
Too late with having it back. I really did'nt have much back then. So I had a really hard time too.,neutral
Congrats to you,happy
"Spoiler alert, it's terrifying and depressiong",neutral
"It is honestly just garbage, I'm surprised they're allowed to be ads",sad
"This is very [serious], how dare you guys mock this [serious] science?!",anger
I miss you big strong daddy,neutral
Sounds pretty typical from Toyota really. Been hearing the same story from too many people. Sad really because they were always the best.,neutral
I swear if it's the Cowboys and the Patriots in the Super Bowl I'm going to burn something down.,anger
Those fries look delicious!!!,fear
What an ass. I almost downvoted this out of anger.,anger
I think it was a one time thing because they still go for a lot more. I got lucky.,happy
I'm excited as a Lions fan.,fear
"I enjoy the harsh throat hit, reminds me of cigs. Edit: Mango is still my favorite though.",happy
I once had a guy yell something obscene from the window of his truck and throw a half full beer can at me too... good times,happy
Happy B'day for Thursday!,fear
Damn i am sad that got deleted,neutral
I'm still surprised this thing is only 2 Lanes in each direction,sad
Fuck these calls,anger
this sort of creativity is awesome to see. play calling done right. chargers going to stomp the pats this weekend,happy
I’m shocked at how big that defeat is.,sad
"Wait, WHAT?!?!",sad
"Oh wow, I feel bad for the parents, they had no idea",neutral
"I dont mind these people dying, what bothers me is that some random bystander could be smashed by this guy should he fall",neutral
And the human babies - don’t forget them! Totally wicked! Sad!,neutral
It never ends well,neutral
Fuck sake man,anger
I spent the entire time trying not to yell at the TV. [NAME] and [NAME] can fuck right off.,anger
Screw them. We do what we have to do to get our kids to eat.,anger
Where did you get those tunnels? I love them and would like some myself!,happy
"Wow,29 turnovers. Something to talk about",sad
I'm glad he's still watching,happy
Fuck your opinion apparently,anger
My name is [NAME] too. It's so strange hearing my favorite bravolebs say it on TV.,sad
Wow! What are the odds of that!?,sad
I love how people complain about too many midfielders yet still want [NAME].,happy
Drives me crazy.,fear
I’m doing married. Sorry.,neutral
Sounds magical!,fear
Mental illness. Operation on 7 people in a manic state . Four of them died. All his money was gone and his rich friends abandoned him.,neutral
"Oh, it’s you again. Here: ",sad
now I kinda wish [NAME] wasn't an imaginary cartoon character because this would actually be fun.,happy
I hate betting unders.,anger
Dude. Same. That would just be... Devastating.,neutral
>![NAME]. Apologies to the Hiyoko Best Girl gang but I could never get myself to like her...!<,neutral
"The shocking thing about this all is that she seems to be British born. I'd expect this from immigrants, not those born in the UK.",sad
I enjoyed the 1:50 seconds of this person going about their day uneventfully,happy
"Fuck the people that couldn't make rent, pay bills or medical costs because of the shutdown, right?",anger
I'm elated to hear that 🤗,happy
Fries with vinegar sound completely awfull,happy
I can't believe [NAME] is considered an mua and he can find match his foundation lmao,sad
no its amazing.,sad
This is awesome!,fear
where’s that tashy bastard,anger
This is the bus station way outside the city center and nowhere near the sea Edit: Unfortunately Turkey does lack aesthetic appeal outside Istanbul tourist areas,neutral
I dare each or any of you fuckasses to try and blame [NAME] for this one,anger
Don't worry about stupid people and you do whatever you want. Screw them kind of people.,anger
I regret my psycho ex. Does that mean I was raped? Or do the rules not apply because I'm a man?,anger
"Nah, some cake sniffers were enjoying the books way before.",happy
"Mate just go out and get yourself a steak dinner, you will enjoy it much more than Artifact.",happy
Aw bummer. She lost her screenshot of the copy of a copy of bullshit articles handwritten in 1992. Somebody help a girl out.,neutral
Tell him he needs to go to rehab or he’ll be kicked out.,anger
I'm speechless.,sad
Oh. That is unfortunate,neutral
Be happy because I won't be short anymore one day,happy
Now this I like.,happy
"[NAME] and I, we're gonna have a hell of a time!",fear
It's an interesting case study in scams,fear
It's like muricans don't want to protect their own jobs and are happy to become low-wage dump and burn workers for the owning class.,happy
Make a doctor's appointment and say you are experiencing lack of sleep because of anxiety. Doesn't get easier.,neutral
I’ve tried a few times on mobile and it never works for some reason. Edit: just logged on at work and fixed it. Feels good,happy
I think it's ridiculous that we continue to pay taxes to fund paychecks that federal workers aren't receiving.,anger
If you're going out with a big group then this doesn't seem so bad. Everyone gets something to eat and it's fun.,fear
This is really scary. The saddest about this is i really think it will be possible quite soon. :(,neutral
How dare they ask me to be a good person! I'll show em!,anger
Oh I hate him even more now.,anger
Wow yeah similar to my story what a nightmare :(,sad
"I'm going to look so handsome for you, [NAME].",fear
I’m glad to see [NAME] finally get the big screen presence they deserve.,happy
It's a superfund site with a couple of inches of topsoil on it. Have fun with your cancer dummies.,happy
If that mask could talk it would beg someone to end it's suffering.,neutral
Because this is a poorly run franchise. This is a bad team.,neutral
You people are awful. Those are *Haggisus Australis*. They're a protected species!,anger
This is how you get an armed revolution....,sad
and [NAME] got blessed with a LocationBot cat fact?! There is no justice in the world...,neutral
"What a very ""centrist"" thing to say. ",sad
for me it was def the egg yolk. i’m pouting as i reluctantly eat it.,neutral
How are they assholes?,anger
I too rationalize how bad my my ex-girlfriend is now that she's gone. 8(,neutral
"Yeah I'll probably do some baking with it! I might also like it better after a while, I was just very surprised today 😂",sad
"How the hell is that comment ""holding the GM accountable""",anger
Every time I see MCC news I get briefly excited for PC news. I really need to stop :(,fear
Ohh it gets even more interesting:,fear
That’s unfortunate,neutral
Just drink the bear. Life is too painful and short to worry,neutral
looks like got damn shoe leather.,anger
Confound your toll Troll!,sad
"trust me, you do not want to do this. i used to live with 2 party people and it was absolute hell. save yourself now",anger
This is straight up depressing,neutral
"Yeah it is, I hate it so much, I wish I woke up earlier.",anger
This really hurts my feelings.,neutral
Griefing your oponents is amazing fun in a pvp game. *Cheating* to grief is the problem being addressed here.,happy
Holy shit I didn’t realize he didn’t fumble all season that’s wild,sad
I will GLADLY tell him to his face. And have.,happy
"Oooh, hasn't seen that one. My favourite song is the first half of Miss Me.",happy
The best part of adult snow days is no make-up!,happy
Woah! 4 new maps in a year! That’s so lucky!! Not like we got 10+ maps in 2017 for bf1..,fear
FIDLAR dropped their new album today (yesterday?). It is certainly...different. But I'm enjoying it all the same,happy
Wow another person in Dunedin uses Reddit,sad
"wow, there's no way [NAME] should 'er scored that",sad
"Oh, wow, I didn't know my Dad had a Reddit account.",sad
"""Wildlife Safari is excited to offer paintings made by the elephants living right here in Southern Oregon!"" ",fear
Same here. The ones who know me and my obsession always let me know and it makes me happy.,happy
good luck! i recently left the floor for an office job and couldn’t be happier.,happy
It was such a strange error.,sad
"wow, here in Brazil people say the opposite of this phrase, also makes me mad",sad
This hurts my brain,neutral
"I'm a Broncos fan. I'll never, ever root for the Chargers, Chiefs or Raiders. Who the fuck would? ",anger
Happy birthday and cake day! I hope you find a little bit of joy somewhere in your journey today.,fear
Cant wait for the [NAME] [NAME] vs [NAME],fear
Shut up and stop trolling. You're not funny,anger
Don't be an asshole,anger
Exactly. It was The fact that everything happened and ended so suddenly that left me speechless.,sad
Wtf is a weeb,anger
I just wanted my knees to stop hurting,neutral
bravo.. my friend.. bravo.. that was great!! I've never seen that before. That made my day.,fear
The saddest thing is you will never understand how absolutely idiotic what you just said is.,neutral
Pretty normal! I have a friend who is exactly the same :),sad
"I never noticed this, how cool. I will keep an eye out for it! Another death foreshadowed by something small.",fear
you got me for a sec. I was like wow.. that's kind of a weird thing to find h-ohhhh damnit! got me. XD,fear
Plz explain the TeamViewer thing. Im interested.,fear
WE ARE WINNING THIS GAME,fear
A Wall is NOT a Volition of the NAP you idiot.,anger
OMG she's BYEsexual. Sorry I had to.,sad
"Damn, politics *does* make strange bedfellows.",anger
No credit?? This is the brilliant youtube channel You Suck At Cooking,anger
I like the earthquake that occurs after she falls. Glad the cameraman got that on video.,happy
PLEASE leave my Mother out of this!,neutral
"FUCK YOU CHAD, WE ARE COOL GAMERS RISE UP😎😎😎💯💯💯💯💯🔥🔥👅 BOTTOM TEXT ",anger
"A surprise to be sure, but a welcome one.",fear
"Damn it, karen",anger
Getting tougher to make those mortgage **and** car payments.,neutral
PayPal is fucking pricey. 500 bucks to Mexico cost me 60$,anger
How can you look at that. it hurts.,neutral
It’s definitely a massive problem for both of us. Attributing blame does nothing to solve the problem.,neutral
Im retarded lmao Etiz/flualp,anger
Oh gosh dang it,sad
Poor [NAME] she just broke her back,neutral
Seeing this makes me happy. I hope this is true :),happy
I'm sorry for you... That sounds not cool :'(,neutral
"Did you hear about that old Italian chef? Sadly, he pasta way.",neutral
I'm sorry for your loss. From the picture it looks like he had a great life if that helps,neutral
" that’s actually sad, feel bad for him :/",neutral
"Indeed! Oh [NAME], you are in for a horrible life...",neutral
I mourn for you anti-intellectuals,neutral
Fuck calm down [NAME],anger
up shut fuck the,anger
"The baby photos, holy fucking shit there's so many baby photos now.",sad
"Wow, I'm glad he's okay.",sad
Shut up you shill /s,anger
[NAME] in the Lego movie? Get outta here,anger
Sure it's okay. Very sorry for your loss. Your dad's posts kept me coming back here when I was just a lurker. Much appreciation.,neutral
I'm so sorry that your partner doesn't understand that you no longer want to put hormones in your body.,neutral
"For some reason I wanted to be a bartender when I was 8. After hearing this story, makes me feel I missed out. ",neutral
"Definitely going to fail without a doubt qualified to even own my dog, and I’m happy it’s a deload week.",happy
you seem fun!,happy
It's more like depression is the default state. We live in a depressing society.,neutral
PLEASE!!! That’s on a PERFECT day! I live here. Trust me. NOT always that simple!,fear
"Wow, “Social” Democrats betraying the revolution. Who would had guessed?",sad
Highlights will be glorious to watch! Here’s [NAME] shootout zinger!,fear
I feel genuine sorrow for your family having to be associated with a cretin such as yourself,neutral
It will be interesting if there is a response to that at the federal level.,fear
"dude,,, same i cried today because i couldn’t go to the gym bc my foot was too swollen to wear shoes lol",neutral
Wow...Mean [NAME] passed away today. RIP,sad
My new favorite phrase.,happy
The sad thing is that most of them are gone the next election anyway.,neutral
Fucking pouliot you're shit,anger
That would be me lol; glad it made you laugh,happy
Can’t wait to go!,fear
This is where the run starts boys!,fear
r/rareinsults also i’m surprised this guy isn’t fussing over the “it’s” instead of “its”,sad
"Frankly, I'm continuously shocked that more than 35% of the population actually think he's doing a good job. ",sad
Have I been eating avacodos wrong this entire time! Oh no!,sad
Glad to hear it :) definitely more on the way!,happy
That's an unexpected pair of fighters.,sad
Before you get too excited remember the human Officer is there to help his doggy partner.,fear
Fuck her. I hate her so much. I wish she’s just vanish back to Indonesia with her mustache.,anger
That's crazy. Glad you got your money back though!,happy
Congrats I’m very happy for your happy ending. Wish you guys many many years of happiness together,happy
It's interesting to watch what happens to people when they find out how easy it is to get on TV and get paid.,fear
I hated that smug ass lawyer.,anger
She might just be bitter over her own relationship and this is a painful reminder in some way.,neutral
Happy birthday [NAME],happy
I wonder how she would respond if he said this. It's almost worth doing to find out.... Almost,sad
I literally have more friends on HOTS than WOW. Wow is deader than hots.,fear
Omg they are adding audio???!! Epic really loves to cater to the sweats,fear
This sounds so painful. I am so sorry. This ED is literally a demon.,neutral
Hi [NAME] nice to see you,happy
Wow - it would be great to have an AMA about what you learned compared to the truth. How recently were you in seminary or at BYU?,fear
"I think they'd do ok (Sorry but as an INTJ a lack of my thoughts here is also bothering me, too)",neutral
"So many players from the current crop are going to end up on 300+ games, crazy to think how exclusive it was not too long ago",fear
We're all [NAME] fans in our hearts,happy
Crafty little bastards.,anger
"I'm suprised they didn't use the classic: ""[NAME]?"" ",sad
oh my good,sad
"Yes, very sad but that's the reality of competitive online gaming right now",neutral
"*youve doomed us all, evacuate the continent immediately*",anger
"Me, because I'm a narcissistic bastard.",anger
He lost his shoes. He’s legally dead.,neutral
Omg saucepan what a daring and unconventional look!!!11,sad
That's why I'm glad they got [NAME].,happy
"What about a meet tomorow night (saturday night jan 12th) its supposed to be nice, just let me know and ill swing on by. 👍",happy
ho boy are you in for a surprise,sad
I'll kill you.,anger
ohhhhh my gosh,sad
He probably enjoyed it so much with his frat brothers that he's willing to buck his own party for good weed.,happy
So why did [NAME] leave? They were predictable and mostly tolerable. Three wings is absolutely intolerable. I hate him.,anger
"Another bad essay by me, sorry for butchering anarchism, anti-ableism and anti-psychiatry but I hope I got the point across :p",neutral
Three years ago I did! Ended up hospitalized for 5 days. I can say that I'm in a much better place now. :),happy
"omg, id cry if this was my store ",neutral
"I love this so much, glad [NAME] made it to San Jose after all",happy
"I actually feel bad for your roommate, poor guy.",neutral
"C'mon baby, C'MON DEEP SHIT",anger
Predicted almost exactly what was going to happen. Still got me.,sad
Wow i've sat like all of those,happy
Kid looks like he's about to cry,neutral
"Bro we got destroyed last time, we’re due for a heartbreaking missed field goal or extremely ill-timed turnover ",neutral
Haha I actually didn't know about its existence! I honestly wonder how much of that map I've actually seen though. So many hours. Lol,sad
My goodness. Your such a fucking manchild.,anger
It's a prime-time soap. I feel so guilty.,neutral
I'm surprised who posted this bc she's normally a sweet women but then there was this,sad
"Grandmother got into an accident many years ago, and walked away with broken ribs.... it took her a couple years before she found out",neutral
"Come on, New Day! Make it finally finally happen, [NAME]!",fear
"It's so sad that people don't vaccinate their children. For every upvote to this post, I'll vaccinate my child in protest. ",neutral
"Unbelievable that we didn’t sign him Also, we could’ve potentially signed [NAME] the window we signed [NAME]. Kill me.",sad
I've never heard of this place. I know what we are doing next time we're up there!,sad
Oh.... We're still doing this ? Even after [NAME]?,sad
"Not related, but now I wonder how Delta would have done on the hair ball challenge",sad
"Wow, im the opposite. In year 2 of being apart now.",fear
Looks like a plate to me. A stupid plate. But a plate nonetheless.,anger
I loved the reaction the cast of BP gave when they announced Spider Verse won. They couldn’t contain their excitement,fear
I’ve been kicked in the leg my foots been stamped on. I can’t imagine the pain of this,neutral
Edit: Four on Five now man! Woo!,fear
"Congrats, proud of you ! Hopefully I can follow your lead and get myself out of a similar situation ",fear
Or just head on to Galleon's Grave. I just hate Dagger Tooth.,anger
That was your saddest shortest story yet,neutral
I might get to phaneuf traded levels of joy.,happy
wow even the buildings on the poster haven't loaded in,sad
You have to leave the house.,anger
"If I were him, I would have made sure to fall HARD the second the first officer touched me. Congrats, you're getting paid kid. ",fear
Wow now I know there's a twist. Why even watch it?,sad
I'm glad we agree.,happy
Oh same! But with [NAME]!,sad
I actually feel assaulted by this video.,neutral
"As much as I'd love to say it's mine, sadly I can't",neutral
I hate y'all too,anger
"Is it only possible for men to be crossdressers? I’ve never heard a woman called that, even if she’s dressed like a man.",sad
We sacrifice them both to [NAME] and throw them in the Baler!,neutral
Seriously? I couldn't even remember the dude's name until about halfway through the season honestly.,sad
Sad and very true though. Case in point.,neutral
"That sound you are hearing is me, a middle aged woman, applauding you wildly. How fun this is to read on my morning break.",happy
I was just joking...,happy
"Thanks, glad you enjoyed it!",happy
I've been playing for years and it's still a bitch for me to lay off balls.,anger
5 days?!? But I'm mad now!,anger
Thank you. People always forget that The Happiest Days of Our Lives is essentially part of that song.,happy
A sharp stick? I think you need a rifle to kill that bastard,anger
Yes but that's largely changed in much of the US (the coasts at least). Surprised a state or two hasn't legalized it,sad
BALL DONT LIE,anger
Go to Happiest Hour before/after the game. Walking distance b/w AA center. It's a fun spot!,happy
"Oh no, my secret identity as a neurosurgeon/entomologist/radiologist/anesthetist/dentist has been discovered! I knew I should have given less detailed medical advice online! D: ",sad
"Rule of cool: horses are sweet, and fun, and lancing someone is an awesome animation.",happy
My son and I both enjoy taking pictures. It gives us pleasure. Part of the fun for us on vacation is taking pictures of new things.,happy
Can’t wait to see this monster perp walk.,fear
Wow. The Miami police! [NAME]! So much to this documentary.,fear
"Sometimes, I am amazed that they are able to fit into a car.",sad
The Vikings....they make me the most angry.,anger
"> They are all one entity with the same goals. Agreed, sadly.",neutral
FUCK YESSSSS CJJJJJJJJ,anger
Wow what a final quarter. [NAME] throwing two intersepts. What a dog,sad
Wow she still hasn't helped even though you recognize it?,sad
"Smh. Can y’all stop being so hot? For real though congrats, you two look so happy together!",happy
"Sadly, I’m younger. 15.",neutral
Wow I had no idea all of this transpired. Crazy!,sad
“Don’t discipline my kid!”,anger
Oh my *FUCKING* **GOD**!!,sad
Dude couldn’t see he had a spool of hair growing on his face?!,sad
Why am I crying rn...,neutral
Well [NAME] just missed...so there’s that bit of good news,happy
"And they don't give any actual details, just a string of baseless claims. Wonderful.",fear
[NAME] i want to slap the shit out of her,anger
[NAME] would love it if we rolled over into the hypocrisy of pacifism. The only problem I have with punching [NAME] is making sure your aim is correct.,anger
Sell high!,fear
Agreed! I’m so excited for her story this season!,fear
"Watch out, [NAME]!! [NAME] is right behind you. Oh god oh fuck he can’t hear us, he has AirPods.",anger
He's transcended fuck-you-money to fuck-me-money territory,anger
1 is spot on. Anxiety completely disappears. I like when that happens. One less issue,happy
Why was nobody driving the damn thing? They were all in the backseat. :/,anger
What the fuck did I just read?,anger
"Though I encourage! For an opportunity to play a game of such grand anticipation as this, is a sweet fortune.",happy
"Ace here! I do masturbate and enjoy it, I just feel no sexual attraction or desire to have sex with other people.",happy
Cheers. Never heard of any of them. Kids will do that to you...,fear
I'm not crying... you're crying!,anger
Please don't think the way they're trolling represents us [NAME]. I'm sorry this happened.,neutral
I was freaking out watching this. WTF are the parents!?,anger
Oh my [NAME] your desk is fucked.,sad
Bitch ass n*** [NAME] rooting for [NAME],anger
The fact [NAME] met her at the airport should tell you all you need to know about why they did it. What a farce.,happy
"So happy for you! Keep dancing, dancing is freedom!! Something we feel we will never have again. ",happy
I hope there is a special place in Hell for these people.,anger
"All those empty seats smh. Imagine paying $300+ just to see the Rangers get slaughtered at home. And yet, I still want more goals haha.",happy
"[NAME] 31m contract is horrendous, I hated it when he signed it and I hate it now.",anger
I don't even cook the steel cut! I just love the chewiness! I'm usually fuller longer with steel cut too.,happy
"Given my grandpaernts survived the holocaust and told us everything, we have a horrible yet interesting family humour. ",fear
Impeach “fouty” five!!,fear
Our team just gave up the moment that happened and all went to top lane to have a b-step party with the other team,happy
I’m offended that your offended,neutral
I am so blessed to be a lesbian.,happy
"I DON'T BELIEVE, WHAT I JUST SAW",sad
"OMG, is this the one that wore white? 😳",sad
Happy Easter everyone!!,happy
Especially hard last night looking at Snapchat stories.,neutral
Lmfao. Tax refunds. Must be nice to get one of those.,happy
OMG make it I want to be in on the ground floor of something #INVEST INVEST,fear
stop making me cry man,neutral
You'd be surprised how much control [NAME] has in your life. I've experienced it first hand. Mentally.,sad
"Hi, female prostitute for sex work here. Can you not with this angry and condescending attitude? Not good camaraderie, comrade.",anger
"Omggg me too ahahaha, i should try shopping in kids",sad
I feel like this anime will make me cry in the end. Damn even its opening is full of drama. Am I correct in this?,neutral
"Mate you are mental, no way [NAME] would mess up like you have said!",anger
Be adult Pay taxes to govt Be deemed incompetent by people with different views Feels bad,neutral
Fuck I’m hungry now.,anger
Please tell me that [NAME] never said this.,neutral
"Dude, wtf is this?",anger
Damn this is dope,anger
I’m tired of these stupid posts. Stop trying to become a meme. You’re ruining this sub!,anger
[NAME] line of drool made me very happy I waited to watch this til I was eating dinner i love the power hour so much,happy
"...it was a corgi, and that dog looked happy as hell.",happy
Guess I hit a triple,sad
I am not running around talking about how I am going to beat up my kids teachers. Not sure where you got tough guy from that...,anger
She got the death penalty...? fck me.,anger
Who gives a shit. Stay in your fucking car.,anger
I’m happy I can help.,happy
don't you get it? It's freedom to kill children now...,anger
"No it's propaganda we because r/politics only presents info, true or (usually) or otherwise info that is designed to hurts conservatives and help liberals. Propaganda",neutral
"I don't even really like Papa Johns, but I'm starving and that looks amazing right now.",fear
Stop believing everything you’re told.,anger
"Oh damn, is that who made that up?",sad
That's a cool dino,happy
Shhh don't give them the idea!,anger
So now disabled people don’t have rights . You get worse .,anger
"Downtown is inconvenient, look like you've gone full county, enjoy your strip mall ",happy
My inevitable famine is when I run out of pop tarts and get sad,neutral
Lol would share half of the sofa 10/10 times for either of those sweet doggos!,fear
Fuck these trendy hipster joints. Give me my shit like normal fucking people.,anger
"More like a baptism, with sexy results!",fear
Enjoy the ride!,happy
